,,,,Daily Arrival Report-01-01-2025 to 31-12-2025 for Maharashtra,,,
State,District,Market,Commodity Group,Commodity,Arrival Quantity,Arrival Unit,Arrival Date
Maharashtra,Hingoli,Basmat APMC,Oil Seeds,Soyabean,60.70,Metric Tonnes,06-11-2025
Maharashtra,Hingoli,Basmat APMC,Oil Seeds,Soyabean,175.40,Metric Tonnes,23-10-2025
Maharashtra,Hingoli,Basmat APMC,Oil Seeds,Soyabean,40.70,Metric Tonnes,17-10-2025
Maharashtra,Hingoli,Basmat APMC,Oil Seeds,Soyabean,66.60,Metric Tonnes,16-10-2025
Maharashtra,Hingoli,Basmat APMC,Oil Seeds,Soyabean,80.80,Metric Tonnes,14-10-2025
Maharashtra,Hingoli,Basmat APMC,Oil Seeds,Soyabean,331.20,Metric Tonnes,13-10-2025
Maharashtra,Hingoli,Basmat APMC,Oil Seeds,Soyabean,62.30,Metric Tonnes,06-10-2025
Maharashtra,Hingoli,Basmat APMC,Oil Seeds,Soyabean,33.50,Metric Tonnes,07-03-2025
Maharashtra,Hingoli,Basmat APMC,Oil Seeds,Soyabean,37.60,Metric Tonnes,28-02-2025
Maharashtra,Hingoli,Basmat APMC,Oil Seeds,Soyabean,30.30,Metric Tonnes,21-02-2025
Maharashtra,Hingoli,Basmat APMC,Oil Seeds,Soyabean,32.30,Metric Tonnes,14-02-2025
Maharashtra,Hingoli,Basmat APMC,Oil Seeds,Soyabean,58.90,Metric Tonnes,04-02-2025
Maharashtra,Hingoli,Basmat APMC,Oil Seeds,Soyabean,65.30,Metric Tonnes,28-01-2025
Maharashtra,Hingoli,Basmat APMC,Oil Seeds,Soyabean,66.20,Metric Tonnes,24-01-2025
Maharashtra,Hingoli,Basmat APMC,Oil Seeds,Soyabean,73.50,Metric Tonnes,15-01-2025
Maharashtra,Hingoli,Basmat APMC,Oil Seeds,Soyabean,61.60,Metric Tonnes,10-01-2025
Maharashtra,Hingoli,Basmat APMC,Oil Seeds,Soyabean,60.20,Metric Tonnes,03-01-2025
Maharashtra,Hingoli,Hingoli APMC,Oil Seeds,Soyabean,100.50,Metric Tonnes,31-12-2025
Maharashtra,Hingoli,Hingoli APMC,Oil Seeds,Soyabean,98.00,Metric Tonnes,30-12-2025
Maharashtra,Hingoli,Hingoli APMC,Oil Seeds,Soyabean,100.00,Metric Tonnes,29-12-2025
Maharashtra,Hingoli,Hingoli APMC,Oil Seeds,Soyabean,82.00,Metric Tonnes,27-12-2025
Maharashtra,Hingoli,Hingoli APMC,Oil Seeds,Soyabean,135.00,Metric Tonnes,26-12-2025
Maharashtra,Hingoli,Hingoli APMC,Oil Seeds,Soyabean,60.00,Metric Tonnes,25-12-2025
Maharashtra,Hingoli,Hingoli APMC,Oil Seeds,Soyabean,103.00,Metric Tonnes,24-12-2025
Maharashtra,Hingoli,Hingoli APMC,Oil Seeds,Soyabean,130.00,Metric Tonnes,23-12-2025
Maharashtra,Hingoli,Hingoli APMC,Oil Seeds,Soyabean,110.00,Metric Tonnes,22-12-2025
Maharashtra,Hingoli,Hingoli APMC,Oil Seeds,Soyabean,105.00,Metric Tonnes,20-12-2025
Maharashtra,Hingoli,Hingoli APMC,Oil Seeds,Soyabean,100.50,Metric Tonnes,18-12-2025
Maharashtra,Hingoli,Hingoli APMC,Oil Seeds,Soyabean,105.00,Metric Tonnes,17-12-2025
Maharashtra,Hingoli,Hingoli APMC,Oil Seeds,Soyabean,100.00,Metric Tonnes,16-12-2025
Maharashtra,Hingoli,Hingoli APMC,Oil Seeds,Soyabean,100.00,Metric Tonnes,15-12-2025
Maharashtra,Hingoli,Hingoli APMC,Oil Seeds,Soyabean,78.00,Metric Tonnes,13-12-2025
Maharashtra,Hingoli,Hingoli APMC,Oil Seeds,Soyabean,90.00,Metric Tonnes,12-12-2025
Maharashtra,Hingoli,Hingoli APMC,Oil Seeds,Soyabean,133.00,Metric Tonnes,11-12-2025
Maharashtra,Hingoli,Hingoli APMC,Oil Seeds,Soyabean,145.00,Metric Tonnes,10-12-2025
Maharashtra,Hingoli,Hingoli APMC,Oil Seeds,Soyabean,142.00,Metric Tonnes,09-12-2025
Maharashtra,Hingoli,Hingoli APMC,Oil Seeds,Soyabean,156.00,Metric Tonnes,08-12-2025
Maharashtra,Hingoli,Hingoli APMC,Oil Seeds,Soyabean,140.00,Metric Tonnes,06-12-2025
Maharashtra,Hingoli,Hingoli APMC,Oil Seeds,Soyabean,90.00,Metric Tonnes,05-12-2025
Maharashtra,Hingoli,Hingoli APMC,Oil Seeds,Soyabean,121.50,Metric Tonnes,04-12-2025
Maharashtra,Hingoli,Hingoli APMC,Oil Seeds,Soyabean,102.00,Metric Tonnes,03-12-2025
Maharashtra,Hingoli,Hingoli APMC,Oil Seeds,Soyabean,135.00,Metric Tonnes,01-12-2025
Maharashtra,Hingoli,Hingoli APMC,Oil Seeds,Soyabean,144.50,Metric Tonnes,29-11-2025
Maharashtra,Hingoli,Hingoli APMC,Oil Seeds,Soyabean,155.00,Metric Tonnes,28-11-2025
Maharashtra,Hingoli,Hingoli APMC,Oil Seeds,Soyabean,110.00,Metric Tonnes,26-11-2025
Maharashtra,Hingoli,Hingoli APMC,Oil Seeds,Soyabean,153.00,Metric Tonnes,25-11-2025
Maharashtra,Hingoli,Hingoli APMC,Oil Seeds,Soyabean,160.00,Metric Tonnes,24-11-2025
Maharashtra,Hingoli,Hingoli APMC,Oil Seeds,Soyabean,122.00,Metric Tonnes,22-11-2025
Maharashtra,Hingoli,Hingoli APMC,Oil Seeds,Soyabean,134.00,Metric Tonnes,21-11-2025
Maharashtra,Hingoli,Hingoli APMC,Oil Seeds,Soyabean,155.00,Metric Tonnes,19-11-2025
Maharashtra,Hingoli,Hingoli APMC,Oil Seeds,Soyabean,140.00,Metric Tonnes,18-11-2025
Maharashtra,Hingoli,Hingoli APMC,Oil Seeds,Soyabean,151.00,Metric Tonnes,17-11-2025
Maharashtra,Hingoli,Hingoli APMC,Oil Seeds,Soyabean,121.00,Metric Tonnes,15-11-2025
Maharashtra,Hingoli,Hingoli APMC,Oil Seeds,Soyabean,110.00,Metric Tonnes,14-11-2025
Maharashtra,Hingoli,Hingoli APMC,Oil Seeds,Soyabean,132.50,Metric Tonnes,13-11-2025
Maharashtra,Hingoli,Hingoli APMC,Oil Seeds,Soyabean,160.00,Metric Tonnes,12-11-2025
Maharashtra,Hingoli,Hingoli APMC,Oil Seeds,Soyabean,207.00,Metric Tonnes,11-11-2025
Maharashtra,Hingoli,Hingoli APMC,Oil Seeds,Soyabean,300.00,Metric Tonnes,10-11-2025
Maharashtra,Hingoli,Hingoli APMC,Oil Seeds,Soyabean,100.00,Metric Tonnes,08-11-2025
Maharashtra,Hingoli,Hingoli APMC,Oil Seeds,Soyabean,150.00,Metric Tonnes,07-11-2025
Maharashtra,Hingoli,Hingoli APMC,Oil Seeds,Soyabean,110.00,Metric Tonnes,05-11-2025
Maharashtra,Hingoli,Hingoli APMC,Oil Seeds,Soyabean,205.00,Metric Tonnes,04-11-2025
Maharashtra,Hingoli,Hingoli APMC,Oil Seeds,Soyabean,132.50,Metric Tonnes,01-11-2025
Maharashtra,Hingoli,Hingoli APMC,Oil Seeds,Soyabean,152.00,Metric Tonnes,31-10-2025
Maharashtra,Hingoli,Hingoli APMC,Oil Seeds,Soyabean,100.00,Metric Tonnes,30-10-2025
Maharashtra,Hingoli,Hingoli APMC,Oil Seeds,Soyabean,150.00,Metric Tonnes,29-10-2025
Maharashtra,Hingoli,Hingoli APMC,Oil Seeds,Soyabean,130.00,Metric Tonnes,28-10-2025
Maharashtra,Hingoli,Hingoli APMC,Oil Seeds,Soyabean,145.00,Metric Tonnes,27-10-2025
Maharashtra,Hingoli,Hingoli APMC,Oil Seeds,Soyabean,90.00,Metric Tonnes,24-10-2025
Maharashtra,Hingoli,Hingoli APMC,Oil Seeds,Soyabean,130.00,Metric Tonnes,16-10-2025
Maharashtra,Hingoli,Hingoli APMC,Oil Seeds,Soyabean,100.50,Metric Tonnes,15-10-2025
Maharashtra,Hingoli,Hingoli APMC,Oil Seeds,Soyabean,81.00,Metric Tonnes,14-10-2025
Maharashtra,Hingoli,Hingoli APMC,Oil Seeds,Soyabean,100.00,Metric Tonnes,13-10-2025
Maharashtra,Hingoli,Hingoli APMC,Oil Seeds,Soyabean,29.00,Metric Tonnes,09-10-2025
Maharashtra,Hingoli,Hingoli APMC,Oil Seeds,Soyabean,25.00,Metric Tonnes,08-10-2025
Maharashtra,Hingoli,Hingoli APMC,Oil Seeds,Soyabean,40.00,Metric Tonnes,07-10-2025
Maharashtra,Hingoli,Hingoli APMC,Oil Seeds,Soyabean,60.00,Metric Tonnes,06-10-2025
Maharashtra,Hingoli,Hingoli APMC,Oil Seeds,Soyabean,10.00,Metric Tonnes,03-10-2025
Maharashtra,Hingoli,Hingoli APMC,Oil Seeds,Soyabean,15.00,Metric Tonnes,29-09-2025
Maharashtra,Hingoli,Hingoli APMC,Oil Seeds,Soyabean,50.00,Metric Tonnes,26-09-2025
Maharashtra,Hingoli,Hingoli APMC,Oil Seeds,Soyabean,40.00,Metric Tonnes,24-09-2025
Maharashtra,Hingoli,Hingoli APMC,Oil Seeds,Soyabean,50.00,Metric Tonnes,19-09-2025
Maharashtra,Hingoli,Hingoli APMC,Oil Seeds,Soyabean,25.00,Metric Tonnes,15-09-2025
Maharashtra,Hingoli,Hingoli APMC,Oil Seeds,Soyabean,30.00,Metric Tonnes,12-09-2025
Maharashtra,Hingoli,Hingoli APMC,Oil Seeds,Soyabean,30.00,Metric Tonnes,10-09-2025
Maharashtra,Hingoli,Hingoli APMC,Oil Seeds,Soyabean,50.00,Metric Tonnes,08-09-2025
Maharashtra,Hingoli,Hingoli APMC,Oil Seeds,Soyabean,32.00,Metric Tonnes,03-09-2025
Maharashtra,Hingoli,Hingoli APMC,Oil Seeds,Soyabean,10.00,Metric Tonnes,29-08-2025
Maharashtra,Hingoli,Hingoli APMC,Oil Seeds,Soyabean,55.00,Metric Tonnes,25-08-2025
Maharashtra,Hingoli,Hingoli APMC,Oil Seeds,Soyabean,80.00,Metric Tonnes,20-08-2025
Maharashtra,Hingoli,Hingoli APMC,Oil Seeds,Soyabean,10.00,Metric Tonnes,18-08-2025
Maharashtra,Hingoli,Hingoli APMC,Oil Seeds,Soyabean,60.00,Metric Tonnes,13-08-2025
Maharashtra,Hingoli,Hingoli APMC,Oil Seeds,Soyabean,50.00,Metric Tonnes,11-08-2025
Maharashtra,Hingoli,Hingoli APMC,Oil Seeds,Soyabean,30.00,Metric Tonnes,08-08-2025
Maharashtra,Hingoli,Hingoli APMC,Oil Seeds,Soyabean,70.00,Metric Tonnes,06-08-2025
Maharashtra,Hingoli,Hingoli APMC,Oil Seeds,Soyabean,45.00,Metric Tonnes,30-07-2025
Maharashtra,Hingoli,Hingoli APMC,Oil Seeds,Soyabean,60.00,Metric Tonnes,28-07-2025
Maharashtra,Hingoli,Hingoli APMC,Oil Seeds,Soyabean,32.00,Metric Tonnes,25-07-2025
Maharashtra,Hingoli,Hingoli APMC,Oil Seeds,Soyabean,50.00,Metric Tonnes,23-07-2025
Maharashtra,Hingoli,Hingoli APMC,Oil Seeds,Soyabean,50.00,Metric Tonnes,21-07-2025
Maharashtra,Hingoli,Hingoli APMC,Oil Seeds,Soyabean,90.00,Metric Tonnes,18-07-2025
Maharashtra,Hingoli,Hingoli APMC,Oil Seeds,Soyabean,50.00,Metric Tonnes,16-07-2025
Maharashtra,Hingoli,Hingoli APMC,Oil Seeds,Soyabean,30.00,Metric Tonnes,14-07-2025
Maharashtra,Hingoli,Hingoli APMC,Oil Seeds,Soyabean,50.00,Metric Tonnes,11-07-2025
Maharashtra,Hingoli,Hingoli APMC,Oil Seeds,Soyabean,50.00,Metric Tonnes,09-07-2025
Maharashtra,Hingoli,Hingoli APMC,Oil Seeds,Soyabean,30.00,Metric Tonnes,07-07-2025
Maharashtra,Hingoli,Hingoli APMC,Oil Seeds,Soyabean,50.00,Metric Tonnes,04-07-2025
Maharashtra,Hingoli,Hingoli APMC,Oil Seeds,Soyabean,70.00,Metric Tonnes,02-07-2025
Maharashtra,Hingoli,Hingoli APMC,Oil Seeds,Soyabean,60.00,Metric Tonnes,30-06-2025
Maharashtra,Hingoli,Hingoli APMC,Oil Seeds,Soyabean,80.00,Metric Tonnes,27-06-2025
Maharashtra,Hingoli,Hingoli APMC,Oil Seeds,Soyabean,50.00,Metric Tonnes,23-06-2025
Maharashtra,Hingoli,Hingoli APMC,Oil Seeds,Soyabean,54.00,Metric Tonnes,20-06-2025
Maharashtra,Hingoli,Hingoli APMC,Oil Seeds,Soyabean,50.00,Metric Tonnes,18-06-2025
Maharashtra,Hingoli,Hingoli APMC,Oil Seeds,Soyabean,40.00,Metric Tonnes,16-06-2025
Maharashtra,Hingoli,Hingoli APMC,Oil Seeds,Soyabean,60.00,Metric Tonnes,13-06-2025
Maharashtra,Hingoli,Hingoli APMC,Oil Seeds,Soyabean,89.00,Metric Tonnes,11-06-2025
Maharashtra,Hingoli,Hingoli APMC,Oil Seeds,Soyabean,102.00,Metric Tonnes,09-06-2025
Maharashtra,Hingoli,Hingoli APMC,Oil Seeds,Soyabean,108.00,Metric Tonnes,06-06-2025
Maharashtra,Hingoli,Hingoli APMC,Oil Seeds,Soyabean,100.00,Metric Tonnes,02-06-2025
Maharashtra,Hingoli,Hingoli APMC,Oil Seeds,Soyabean,80.00,Metric Tonnes,30-05-2025
Maharashtra,Hingoli,Hingoli APMC,Oil Seeds,Soyabean,125.00,Metric Tonnes,23-05-2025
Maharashtra,Hingoli,Hingoli APMC,Oil Seeds,Soyabean,95.00,Metric Tonnes,21-05-2025
Maharashtra,Hingoli,Hingoli APMC,Oil Seeds,Soyabean,95.00,Metric Tonnes,19-05-2025
Maharashtra,Hingoli,Hingoli APMC,Oil Seeds,Soyabean,100.00,Metric Tonnes,16-05-2025
Maharashtra,Hingoli,Hingoli APMC,Oil Seeds,Soyabean,60.00,Metric Tonnes,09-05-2025
Maharashtra,Hingoli,Hingoli APMC,Oil Seeds,Soyabean,90.00,Metric Tonnes,07-05-2025
Maharashtra,Hingoli,Hingoli APMC,Oil Seeds,Soyabean,100.00,Metric Tonnes,05-05-2025
Maharashtra,Hingoli,Hingoli APMC,Oil Seeds,Soyabean,80.00,Metric Tonnes,02-05-2025
Maharashtra,Hingoli,Hingoli APMC,Oil Seeds,Soyabean,100.00,Metric Tonnes,30-04-2025
Maharashtra,Hingoli,Hingoli APMC,Oil Seeds,Soyabean,90.00,Metric Tonnes,28-04-2025
Maharashtra,Hingoli,Hingoli APMC,Oil Seeds,Soyabean,80.00,Metric Tonnes,23-04-2025
Maharashtra,Hingoli,Hingoli APMC,Oil Seeds,Soyabean,100.00,Metric Tonnes,21-04-2025
Maharashtra,Hingoli,Hingoli APMC,Oil Seeds,Soyabean,105.00,Metric Tonnes,16-04-2025
Maharashtra,Hingoli,Hingoli APMC,Oil Seeds,Soyabean,70.00,Metric Tonnes,11-04-2025
Maharashtra,Hingoli,Hingoli APMC,Oil Seeds,Soyabean,80.00,Metric Tonnes,09-04-2025
Maharashtra,Hingoli,Hingoli APMC,Oil Seeds,Soyabean,80.00,Metric Tonnes,07-04-2025
Maharashtra,Hingoli,Hingoli APMC,Oil Seeds,Soyabean,50.00,Metric Tonnes,04-04-2025
Maharashtra,Hingoli,Hingoli APMC,Oil Seeds,Soyabean,50.00,Metric Tonnes,24-03-2025
Maharashtra,Hingoli,Hingoli APMC,Oil Seeds,Soyabean,40.00,Metric Tonnes,21-03-2025
Maharashtra,Hingoli,Hingoli APMC,Oil Seeds,Soyabean,50.00,Metric Tonnes,19-03-2025
Maharashtra,Hingoli,Hingoli APMC,Oil Seeds,Soyabean,50.00,Metric Tonnes,17-03-2025
Maharashtra,Hingoli,Hingoli APMC,Oil Seeds,Soyabean,50.00,Metric Tonnes,12-03-2025
Maharashtra,Hingoli,Hingoli APMC,Oil Seeds,Soyabean,50.00,Metric Tonnes,10-03-2025
Maharashtra,Hingoli,Hingoli APMC,Oil Seeds,Soyabean,60.00,Metric Tonnes,07-03-2025
Maharashtra,Hingoli,Hingoli APMC,Oil Seeds,Soyabean,95.00,Metric Tonnes,28-02-2025
Maharashtra,Hingoli,Hingoli APMC,Oil Seeds,Soyabean,391.00,Metric Tonnes,24-02-2025
Maharashtra,Hingoli,Hingoli APMC,Oil Seeds,Soyabean,102.50,Metric Tonnes,21-02-2025
Maharashtra,Hingoli,Hingoli APMC,Oil Seeds,Soyabean,40.00,Metric Tonnes,17-02-2025
Maharashtra,Hingoli,Hingoli APMC,Oil Seeds,Soyabean,66.00,Metric Tonnes,15-02-2025
Maharashtra,Hingoli,Hingoli APMC,Oil Seeds,Soyabean,51.00,Metric Tonnes,14-02-2025
Maharashtra,Hingoli,Hingoli APMC,Oil Seeds,Soyabean,30.00,Metric Tonnes,13-02-2025
Maharashtra,Hingoli,Hingoli APMC,Oil Seeds,Soyabean,40.00,Metric Tonnes,08-02-2025
Maharashtra,Hingoli,Hingoli APMC,Oil Seeds,Soyabean,35.00,Metric Tonnes,07-02-2025
Maharashtra,Hingoli,Hingoli APMC,Oil Seeds,Soyabean,48.00,Metric Tonnes,06-02-2025
Maharashtra,Hingoli,Hingoli APMC,Oil Seeds,Soyabean,90.00,Metric Tonnes,05-02-2025
Maharashtra,Hingoli,Hingoli APMC,Oil Seeds,Soyabean,98.00,Metric Tonnes,04-02-2025
Maharashtra,Hingoli,Hingoli APMC,Oil Seeds,Soyabean,204.00,Metric Tonnes,03-02-2025
Maharashtra,Hingoli,Hingoli APMC,Oil Seeds,Soyabean,80.00,Metric Tonnes,01-02-2025
Maharashtra,Hingoli,Hingoli APMC,Oil Seeds,Soyabean,90.00,Metric Tonnes,31-01-2025
Maharashtra,Hingoli,Hingoli APMC,Oil Seeds,Soyabean,105.00,Metric Tonnes,30-01-2025
Maharashtra,Hingoli,Hingoli APMC,Oil Seeds,Soyabean,93.00,Metric Tonnes,27-01-2025
Maharashtra,Hingoli,Hingoli APMC,Oil Seeds,Soyabean,83.50,Metric Tonnes,25-01-2025
Maharashtra,Hingoli,Hingoli APMC,Oil Seeds,Soyabean,82.50,Metric Tonnes,24-01-2025
Maharashtra,Hingoli,Hingoli APMC,Oil Seeds,Soyabean,90.00,Metric Tonnes,23-01-2025
Maharashtra,Hingoli,Hingoli APMC,Oil Seeds,Soyabean,80.50,Metric Tonnes,22-01-2025
Maharashtra,Hingoli,Hingoli APMC,Oil Seeds,Soyabean,98.00,Metric Tonnes,21-01-2025
Maharashtra,Hingoli,Hingoli APMC,Oil Seeds,Soyabean,101.50,Metric Tonnes,20-01-2025
Maharashtra,Hingoli,Hingoli APMC,Oil Seeds,Soyabean,110.00,Metric Tonnes,18-01-2025
Maharashtra,Hingoli,Hingoli APMC,Oil Seeds,Soyabean,104.00,Metric Tonnes,17-01-2025
Maharashtra,Hingoli,Hingoli APMC,Oil Seeds,Soyabean,105.00,Metric Tonnes,16-01-2025
Maharashtra,Hingoli,Hingoli APMC,Oil Seeds,Soyabean,80.00,Metric Tonnes,13-01-2025
Maharashtra,Hingoli,Hingoli APMC,Oil Seeds,Soyabean,90.00,Metric Tonnes,11-01-2025
Maharashtra,Hingoli,Hingoli APMC,Oil Seeds,Soyabean,50.00,Metric Tonnes,10-01-2025
Maharashtra,Hingoli,Hingoli APMC,Oil Seeds,Soyabean,90.00,Metric Tonnes,09-01-2025
Maharashtra,Hingoli,Hingoli APMC,Oil Seeds,Soyabean,80.00,Metric Tonnes,08-01-2025
Maharashtra,Hingoli,Hingoli APMC,Oil Seeds,Soyabean,90.00,Metric Tonnes,07-01-2025
Maharashtra,Hingoli,Hingoli APMC,Oil Seeds,Soyabean,88.10,Metric Tonnes,06-01-2025
Maharashtra,Hingoli,Hingoli APMC,Oil Seeds,Soyabean,90.00,Metric Tonnes,04-01-2025
Maharashtra,Hingoli,Hingoli APMC,Oil Seeds,Soyabean,110.00,Metric Tonnes,03-01-2025
Maharashtra,Hingoli,Hingoli APMC,Oil Seeds,Soyabean,110.00,Metric Tonnes,01-01-2025
Maharashtra,Hingoli,Hingoli(Kanegoan Naka) APMC,Oil Seeds,Soyabean,27.50,Metric Tonnes,31-12-2025
Maharashtra,Hingoli,Hingoli(Kanegoan Naka) APMC,Oil Seeds,Soyabean,29.40,Metric Tonnes,29-12-2025
Maharashtra,Hingoli,Hingoli(Kanegoan Naka) APMC,Oil Seeds,Soyabean,23.30,Metric Tonnes,26-12-2025
Maharashtra,Hingoli,Hingoli(Kanegoan Naka) APMC,Oil Seeds,Soyabean,23.30,Metric Tonnes,20-12-2025
Maharashtra,Hingoli,Hingoli(Kanegoan Naka) APMC,Oil Seeds,Soyabean,24.10,Metric Tonnes,19-12-2025
Maharashtra,Hingoli,Hingoli(Kanegoan Naka) APMC,Oil Seeds,Soyabean,25.10,Metric Tonnes,18-12-2025
Maharashtra,Hingoli,Hingoli(Kanegoan Naka) APMC,Oil Seeds,Soyabean,21.70,Metric Tonnes,17-12-2025
Maharashtra,Hingoli,Hingoli(Kanegoan Naka) APMC,Oil Seeds,Soyabean,24.30,Metric Tonnes,13-12-2025
Maharashtra,Hingoli,Hingoli(Kanegoan Naka) APMC,Oil Seeds,Soyabean,29.40,Metric Tonnes,10-12-2025
Maharashtra,Hingoli,Hingoli(Kanegoan Naka) APMC,Oil Seeds,Soyabean,30.10,Metric Tonnes,08-12-2025
Maharashtra,Hingoli,Hingoli(Kanegoan Naka) APMC,Oil Seeds,Soyabean,21.80,Metric Tonnes,06-12-2025
Maharashtra,Hingoli,Hingoli(Kanegoan Naka) APMC,Oil Seeds,Soyabean,28.40,Metric Tonnes,04-12-2025
Maharashtra,Hingoli,Hingoli(Kanegoan Naka) APMC,Oil Seeds,Soyabean,28.40,Metric Tonnes,03-12-2025
Maharashtra,Hingoli,Hingoli(Kanegoan Naka) APMC,Oil Seeds,Soyabean,29.90,Metric Tonnes,01-12-2025
Maharashtra,Hingoli,Hingoli(Kanegoan Naka) APMC,Oil Seeds,Soyabean,29.00,Metric Tonnes,29-11-2025
Maharashtra,Hingoli,Hingoli(Kanegoan Naka) APMC,Oil Seeds,Soyabean,30.80,Metric Tonnes,28-11-2025
Maharashtra,Hingoli,Hingoli(Kanegoan Naka) APMC,Oil Seeds,Soyabean,24.80,Metric Tonnes,27-11-2025
Maharashtra,Hingoli,Hingoli(Kanegoan Naka) APMC,Oil Seeds,Soyabean,25.20,Metric Tonnes,25-11-2025
Maharashtra,Hingoli,Hingoli(Kanegoan Naka) APMC,Oil Seeds,Soyabean,21.60,Metric Tonnes,24-11-2025
Maharashtra,Hingoli,Hingoli(Kanegoan Naka) APMC,Oil Seeds,Soyabean,29.20,Metric Tonnes,20-11-2025
Maharashtra,Hingoli,Hingoli(Kanegoan Naka) APMC,Oil Seeds,Soyabean,30.40,Metric Tonnes,18-11-2025
Maharashtra,Hingoli,Hingoli(Kanegoan Naka) APMC,Oil Seeds,Soyabean,32.80,Metric Tonnes,17-11-2025
Maharashtra,Hingoli,Hingoli(Kanegoan Naka) APMC,Oil Seeds,Soyabean,36.90,Metric Tonnes,15-11-2025
Maharashtra,Hingoli,Hingoli(Kanegoan Naka) APMC,Oil Seeds,Soyabean,34.70,Metric Tonnes,14-11-2025
Maharashtra,Hingoli,Hingoli(Kanegoan Naka) APMC,Oil Seeds,Soyabean,35.80,Metric Tonnes,12-11-2025
Maharashtra,Hingoli,Hingoli(Kanegoan Naka) APMC,Oil Seeds,Soyabean,45.80,Metric Tonnes,11-11-2025
Maharashtra,Hingoli,Hingoli(Kanegoan Naka) APMC,Oil Seeds,Soyabean,56.20,Metric Tonnes,10-11-2025
Maharashtra,Hingoli,Hingoli(Kanegoan Naka) APMC,Oil Seeds,Soyabean,39.30,Metric Tonnes,08-11-2025
Maharashtra,Hingoli,Hingoli(Kanegoan Naka) APMC,Oil Seeds,Soyabean,57.40,Metric Tonnes,07-11-2025
Maharashtra,Hingoli,Hingoli(Kanegoan Naka) APMC,Oil Seeds,Soyabean,60.70,Metric Tonnes,03-11-2025
Maharashtra,Hingoli,Hingoli(Kanegoan Naka) APMC,Oil Seeds,Soyabean,81.40,Metric Tonnes,01-11-2025
Maharashtra,Hingoli,Hingoli(Kanegoan Naka) APMC,Oil Seeds,Soyabean,54.50,Metric Tonnes,31-10-2025
Maharashtra,Hingoli,Hingoli(Kanegoan Naka) APMC,Oil Seeds,Soyabean,63.50,Metric Tonnes,30-10-2025
Maharashtra,Hingoli,Hingoli(Kanegoan Naka) APMC,Oil Seeds,Soyabean,38.10,Metric Tonnes,18-10-2025
Maharashtra,Hingoli,Hingoli(Kanegoan Naka) APMC,Oil Seeds,Soyabean,32.60,Metric Tonnes,17-10-2025
Maharashtra,Hingoli,Hingoli(Kanegoan Naka) APMC,Oil Seeds,Soyabean,15.90,Metric Tonnes,16-10-2025
Maharashtra,Hingoli,Hingoli(Kanegoan Naka) APMC,Oil Seeds,Soyabean,11.20,Metric Tonnes,14-10-2025
Maharashtra,Hingoli,Hingoli(Kanegoan Naka) APMC,Oil Seeds,Soyabean,15.90,Metric Tonnes,13-10-2025
Maharashtra,Hingoli,Hingoli(Kanegoan Naka) APMC,Oil Seeds,Soyabean,9.90,Metric Tonnes,04-10-2025
Maharashtra,Hingoli,Hingoli(Kanegoan Naka) APMC,Oil Seeds,Soyabean,10.00,Metric Tonnes,03-10-2025
Maharashtra,Hingoli,Hingoli(Kanegoan Naka) APMC,Oil Seeds,Soyabean,6.50,Metric Tonnes,29-09-2025
Maharashtra,Hingoli,Hingoli(Kanegoan Naka) APMC,Oil Seeds,Soyabean,8.30,Metric Tonnes,26-09-2025
Maharashtra,Hingoli,Hingoli(Kanegoan Naka) APMC,Oil Seeds,Soyabean,10.50,Metric Tonnes,25-09-2025
Maharashtra,Hingoli,Hingoli(Kanegoan Naka) APMC,Oil Seeds,Soyabean,7.10,Metric Tonnes,24-09-2025
Maharashtra,Hingoli,Hingoli(Kanegoan Naka) APMC,Oil Seeds,Soyabean,9.40,Metric Tonnes,23-09-2025
Maharashtra,Hingoli,Hingoli(Kanegoan Naka) APMC,Oil Seeds,Soyabean,6.40,Metric Tonnes,22-09-2025
Maharashtra,Hingoli,Hingoli(Kanegoan Naka) APMC,Oil Seeds,Soyabean,7.40,Metric Tonnes,16-09-2025
Maharashtra,Hingoli,Hingoli(Kanegoan Naka) APMC,Oil Seeds,Soyabean,7.80,Metric Tonnes,15-09-2025
Maharashtra,Hingoli,Hingoli(Kanegoan Naka) APMC,Oil Seeds,Soyabean,8.40,Metric Tonnes,13-09-2025
Maharashtra,Hingoli,Hingoli(Kanegoan Naka) APMC,Oil Seeds,Soyabean,6.60,Metric Tonnes,10-09-2025
Maharashtra,Hingoli,Hingoli(Kanegoan Naka) APMC,Oil Seeds,Soyabean,7.00,Metric Tonnes,09-09-2025
Maharashtra,Hingoli,Hingoli(Kanegoan Naka) APMC,Oil Seeds,Soyabean,7.20,Metric Tonnes,08-09-2025
Maharashtra,Hingoli,Hingoli(Kanegoan Naka) APMC,Oil Seeds,Soyabean,7.70,Metric Tonnes,03-09-2025
Maharashtra,Hingoli,Hingoli(Kanegoan Naka) APMC,Oil Seeds,Soyabean,10.20,Metric Tonnes,30-08-2025
Maharashtra,Hingoli,Hingoli(Kanegoan Naka) APMC,Oil Seeds,Soyabean,14.80,Metric Tonnes,27-08-2025
Maharashtra,Hingoli,Hingoli(Kanegoan Naka) APMC,Oil Seeds,Soyabean,12.30,Metric Tonnes,26-08-2025
Maharashtra,Hingoli,Hingoli(Kanegoan Naka) APMC,Oil Seeds,Soyabean,9.60,Metric Tonnes,25-08-2025
Maharashtra,Hingoli,Hingoli(Kanegoan Naka) APMC,Oil Seeds,Soyabean,11.30,Metric Tonnes,20-08-2025
Maharashtra,Hingoli,Hingoli(Kanegoan Naka) APMC,Oil Seeds,Soyabean,11.40,Metric Tonnes,19-08-2025
Maharashtra,Hingoli,Hingoli(Kanegoan Naka) APMC,Oil Seeds,Soyabean,8.20,Metric Tonnes,16-08-2025
Maharashtra,Hingoli,Hingoli(Kanegoan Naka) APMC,Oil Seeds,Soyabean,9.30,Metric Tonnes,13-08-2025
Maharashtra,Hingoli,Hingoli(Kanegoan Naka) APMC,Oil Seeds,Soyabean,9.70,Metric Tonnes,12-08-2025
Maharashtra,Hingoli,Hingoli(Kanegoan Naka) APMC,Oil Seeds,Soyabean,9.20,Metric Tonnes,11-08-2025
Maharashtra,Hingoli,Hingoli(Kanegoan Naka) APMC,Oil Seeds,Soyabean,11.50,Metric Tonnes,05-08-2025
Maharashtra,Hingoli,Hingoli(Kanegoan Naka) APMC,Oil Seeds,Soyabean,9.40,Metric Tonnes,30-07-2025
Maharashtra,Hingoli,Hingoli(Kanegoan Naka) APMC,Oil Seeds,Soyabean,16.60,Metric Tonnes,28-07-2025
Maharashtra,Hingoli,Hingoli(Kanegoan Naka) APMC,Oil Seeds,Soyabean,13.20,Metric Tonnes,23-07-2025
Maharashtra,Hingoli,Hingoli(Kanegoan Naka) APMC,Oil Seeds,Soyabean,14.60,Metric Tonnes,21-07-2025
Maharashtra,Hingoli,Hingoli(Kanegoan Naka) APMC,Oil Seeds,Soyabean,9.10,Metric Tonnes,19-07-2025
Maharashtra,Hingoli,Hingoli(Kanegoan Naka) APMC,Oil Seeds,Soyabean,11.20,Metric Tonnes,18-07-2025
Maharashtra,Hingoli,Hingoli(Kanegoan Naka) APMC,Oil Seeds,Soyabean,11.00,Metric Tonnes,16-07-2025
Maharashtra,Hingoli,Hingoli(Kanegoan Naka) APMC,Oil Seeds,Soyabean,11.20,Metric Tonnes,15-07-2025
Maharashtra,Hingoli,Hingoli(Kanegoan Naka) APMC,Oil Seeds,Soyabean,15.00,Metric Tonnes,08-07-2025
Maharashtra,Hingoli,Hingoli(Kanegoan Naka) APMC,Oil Seeds,Soyabean,13.10,Metric Tonnes,04-07-2025
Maharashtra,Hingoli,Hingoli(Kanegoan Naka) APMC,Oil Seeds,Soyabean,13.40,Metric Tonnes,30-06-2025
Maharashtra,Hingoli,Hingoli(Kanegoan Naka) APMC,Oil Seeds,Soyabean,9.60,Metric Tonnes,28-06-2025
Maharashtra,Hingoli,Hingoli(Kanegoan Naka) APMC,Oil Seeds,Soyabean,16.20,Metric Tonnes,27-06-2025
Maharashtra,Hingoli,Hingoli(Kanegoan Naka) APMC,Oil Seeds,Soyabean,15.30,Metric Tonnes,24-06-2025
Maharashtra,Hingoli,Hingoli(Kanegoan Naka) APMC,Oil Seeds,Soyabean,14.10,Metric Tonnes,23-06-2025
Maharashtra,Hingoli,Hingoli(Kanegoan Naka) APMC,Oil Seeds,Soyabean,15.10,Metric Tonnes,21-06-2025
Maharashtra,Hingoli,Hingoli(Kanegoan Naka) APMC,Oil Seeds,Soyabean,13.60,Metric Tonnes,20-06-2025
Maharashtra,Hingoli,Hingoli(Kanegoan Naka) APMC,Oil Seeds,Soyabean,10.20,Metric Tonnes,18-06-2025
Maharashtra,Hingoli,Hingoli(Kanegoan Naka) APMC,Oil Seeds,Soyabean,11.00,Metric Tonnes,16-06-2025
Maharashtra,Hingoli,Hingoli(Kanegoan Naka) APMC,Oil Seeds,Soyabean,14.40,Metric Tonnes,14-06-2025
Maharashtra,Hingoli,Hingoli(Kanegoan Naka) APMC,Oil Seeds,Soyabean,13.40,Metric Tonnes,13-06-2025
Maharashtra,Hingoli,Hingoli(Kanegoan Naka) APMC,Oil Seeds,Soyabean,16.60,Metric Tonnes,11-06-2025
Maharashtra,Hingoli,Hingoli(Kanegoan Naka) APMC,Oil Seeds,Soyabean,12.10,Metric Tonnes,09-06-2025
Maharashtra,Hingoli,Hingoli(Kanegoan Naka) APMC,Oil Seeds,Soyabean,11.10,Metric Tonnes,06-06-2025
Maharashtra,Hingoli,Hingoli(Kanegoan Naka) APMC,Oil Seeds,Soyabean,12.00,Metric Tonnes,05-06-2025
Maharashtra,Hingoli,Hingoli(Kanegoan Naka) APMC,Oil Seeds,Soyabean,10.80,Metric Tonnes,03-06-2025
Maharashtra,Hingoli,Hingoli(Kanegoan Naka) APMC,Oil Seeds,Soyabean,18.20,Metric Tonnes,30-05-2025
Maharashtra,Hingoli,Hingoli(Kanegoan Naka) APMC,Oil Seeds,Soyabean,24.30,Metric Tonnes,28-05-2025
Maharashtra,Hingoli,Hingoli(Kanegoan Naka) APMC,Oil Seeds,Soyabean,19.80,Metric Tonnes,26-05-2025
Maharashtra,Hingoli,Hingoli(Kanegoan Naka) APMC,Oil Seeds,Soyabean,16.30,Metric Tonnes,24-05-2025
Maharashtra,Hingoli,Hingoli(Kanegoan Naka) APMC,Oil Seeds,Soyabean,20.40,Metric Tonnes,22-05-2025
Maharashtra,Hingoli,Hingoli(Kanegoan Naka) APMC,Oil Seeds,Soyabean,15.70,Metric Tonnes,20-05-2025
Maharashtra,Hingoli,Hingoli(Kanegoan Naka) APMC,Oil Seeds,Soyabean,14.50,Metric Tonnes,19-05-2025
Maharashtra,Hingoli,Hingoli(Kanegoan Naka) APMC,Oil Seeds,Soyabean,15.60,Metric Tonnes,17-05-2025
Maharashtra,Hingoli,Hingoli(Kanegoan Naka) APMC,Oil Seeds,Soyabean,15.90,Metric Tonnes,15-05-2025
Maharashtra,Hingoli,Hingoli(Kanegoan Naka) APMC,Oil Seeds,Soyabean,16.00,Metric Tonnes,09-05-2025
Maharashtra,Hingoli,Hingoli(Kanegoan Naka) APMC,Oil Seeds,Soyabean,11.70,Metric Tonnes,08-05-2025
Maharashtra,Hingoli,Hingoli(Kanegoan Naka) APMC,Oil Seeds,Soyabean,20.50,Metric Tonnes,07-05-2025
Maharashtra,Hingoli,Hingoli(Kanegoan Naka) APMC,Oil Seeds,Soyabean,10.10,Metric Tonnes,06-05-2025
Maharashtra,Hingoli,Hingoli(Kanegoan Naka) APMC,Oil Seeds,Soyabean,10.20,Metric Tonnes,05-05-2025
Maharashtra,Hingoli,Hingoli(Kanegoan Naka) APMC,Oil Seeds,Soyabean,12.40,Metric Tonnes,03-05-2025
Maharashtra,Hingoli,Hingoli(Kanegoan Naka) APMC,Oil Seeds,Soyabean,9.70,Metric Tonnes,02-05-2025
Maharashtra,Hingoli,Hingoli(Kanegoan Naka) APMC,Oil Seeds,Soyabean,7.40,Metric Tonnes,29-04-2025
Maharashtra,Hingoli,Hingoli(Kanegoan Naka) APMC,Oil Seeds,Soyabean,9.80,Metric Tonnes,28-04-2025
Maharashtra,Hingoli,Hingoli(Kanegoan Naka) APMC,Oil Seeds,Soyabean,8.90,Metric Tonnes,24-04-2025
Maharashtra,Hingoli,Hingoli(Kanegoan Naka) APMC,Oil Seeds,Soyabean,12.20,Metric Tonnes,23-04-2025
Maharashtra,Hingoli,Hingoli(Kanegoan Naka) APMC,Oil Seeds,Soyabean,9.60,Metric Tonnes,22-04-2025
Maharashtra,Hingoli,Hingoli(Kanegoan Naka) APMC,Oil Seeds,Soyabean,9.10,Metric Tonnes,21-04-2025
Maharashtra,Hingoli,Hingoli(Kanegoan Naka) APMC,Oil Seeds,Soyabean,14.00,Metric Tonnes,19-04-2025
Maharashtra,Hingoli,Hingoli(Kanegoan Naka) APMC,Oil Seeds,Soyabean,10.60,Metric Tonnes,17-04-2025
Maharashtra,Hingoli,Hingoli(Kanegoan Naka) APMC,Oil Seeds,Soyabean,8.40,Metric Tonnes,16-04-2025
Maharashtra,Hingoli,Hingoli(Kanegoan Naka) APMC,Oil Seeds,Soyabean,10.50,Metric Tonnes,15-04-2025
Maharashtra,Hingoli,Hingoli(Kanegoan Naka) APMC,Oil Seeds,Soyabean,11.00,Metric Tonnes,12-04-2025
Maharashtra,Hingoli,Hingoli(Kanegoan Naka) APMC,Oil Seeds,Soyabean,9.10,Metric Tonnes,11-04-2025
Maharashtra,Hingoli,Hingoli(Kanegoan Naka) APMC,Oil Seeds,Soyabean,10.50,Metric Tonnes,09-04-2025
Maharashtra,Hingoli,Hingoli(Kanegoan Naka) APMC,Oil Seeds,Soyabean,8.50,Metric Tonnes,08-04-2025
Maharashtra,Hingoli,Hingoli(Kanegoan Naka) APMC,Oil Seeds,Soyabean,6.70,Metric Tonnes,07-04-2025
Maharashtra,Hingoli,Hingoli(Kanegoan Naka) APMC,Oil Seeds,Soyabean,8.50,Metric Tonnes,05-04-2025
Maharashtra,Hingoli,Hingoli(Kanegoan Naka) APMC,Oil Seeds,Soyabean,9.50,Metric Tonnes,04-04-2025
Maharashtra,Hingoli,Hingoli(Kanegoan Naka) APMC,Oil Seeds,Soyabean,11.10,Metric Tonnes,03-04-2025
Maharashtra,Hingoli,Hingoli(Kanegoan Naka) APMC,Oil Seeds,Soyabean,9.10,Metric Tonnes,02-04-2025
Maharashtra,Hingoli,Hingoli(Kanegoan Naka) APMC,Oil Seeds,Soyabean,8.50,Metric Tonnes,01-04-2025
Maharashtra,Hingoli,Hingoli(Kanegoan Naka) APMC,Oil Seeds,Soyabean,20.00,Metric Tonnes,28-03-2025
Maharashtra,Hingoli,Hingoli(Kanegoan Naka) APMC,Oil Seeds,Soyabean,13.10,Metric Tonnes,27-03-2025
Maharashtra,Hingoli,Hingoli(Kanegoan Naka) APMC,Oil Seeds,Soyabean,18.20,Metric Tonnes,26-03-2025
Maharashtra,Hingoli,Hingoli(Kanegoan Naka) APMC,Oil Seeds,Soyabean,11.70,Metric Tonnes,25-03-2025
Maharashtra,Hingoli,Hingoli(Kanegoan Naka) APMC,Oil Seeds,Soyabean,17.60,Metric Tonnes,24-03-2025
Maharashtra,Hingoli,Hingoli(Kanegoan Naka) APMC,Oil Seeds,Soyabean,10.50,Metric Tonnes,20-03-2025
Maharashtra,Hingoli,Hingoli(Kanegoan Naka) APMC,Oil Seeds,Soyabean,9.80,Metric Tonnes,19-03-2025
Maharashtra,Hingoli,Hingoli(Kanegoan Naka) APMC,Oil Seeds,Soyabean,11.50,Metric Tonnes,18-03-2025
Maharashtra,Hingoli,Hingoli(Kanegoan Naka) APMC,Oil Seeds,Soyabean,12.60,Metric Tonnes,17-03-2025
Maharashtra,Hingoli,Hingoli(Kanegoan Naka) APMC,Oil Seeds,Soyabean,8.90,Metric Tonnes,15-03-2025
Maharashtra,Hingoli,Hingoli(Kanegoan Naka) APMC,Oil Seeds,Soyabean,10.00,Metric Tonnes,12-03-2025
Maharashtra,Hingoli,Hingoli(Kanegoan Naka) APMC,Oil Seeds,Soyabean,10.20,Metric Tonnes,11-03-2025
Maharashtra,Hingoli,Hingoli(Kanegoan Naka) APMC,Oil Seeds,Soyabean,18.50,Metric Tonnes,10-03-2025
Maharashtra,Hingoli,Hingoli(Kanegoan Naka) APMC,Oil Seeds,Soyabean,15.10,Metric Tonnes,08-03-2025
Maharashtra,Hingoli,Hingoli(Kanegoan Naka) APMC,Oil Seeds,Soyabean,20.20,Metric Tonnes,07-03-2025
Maharashtra,Hingoli,Hingoli(Kanegoan Naka) APMC,Oil Seeds,Soyabean,16.30,Metric Tonnes,06-03-2025
Maharashtra,Hingoli,Hingoli(Kanegoan Naka) APMC,Oil Seeds,Soyabean,12.10,Metric Tonnes,05-03-2025
Maharashtra,Hingoli,Hingoli(Kanegoan Naka) APMC,Oil Seeds,Soyabean,24.10,Metric Tonnes,04-03-2025
Maharashtra,Hingoli,Hingoli(Kanegoan Naka) APMC,Oil Seeds,Soyabean,22.80,Metric Tonnes,03-03-2025
Maharashtra,Hingoli,Hingoli(Kanegoan Naka) APMC,Oil Seeds,Soyabean,9.50,Metric Tonnes,01-03-2025
Maharashtra,Hingoli,Hingoli(Kanegoan Naka) APMC,Oil Seeds,Soyabean,24.50,Metric Tonnes,28-02-2025
Maharashtra,Hingoli,Hingoli(Kanegoan Naka) APMC,Oil Seeds,Soyabean,25.90,Metric Tonnes,27-02-2025
Maharashtra,Hingoli,Hingoli(Kanegoan Naka) APMC,Oil Seeds,Soyabean,26.10,Metric Tonnes,25-02-2025
Maharashtra,Hingoli,Hingoli(Kanegoan Naka) APMC,Oil Seeds,Soyabean,26.00,Metric Tonnes,24-02-2025
Maharashtra,Hingoli,Hingoli(Kanegoan Naka) APMC,Oil Seeds,Soyabean,25.00,Metric Tonnes,22-02-2025
Maharashtra,Hingoli,Hingoli(Kanegoan Naka) APMC,Oil Seeds,Soyabean,24.80,Metric Tonnes,21-02-2025
Maharashtra,Hingoli,Hingoli(Kanegoan Naka) APMC,Oil Seeds,Soyabean,25.20,Metric Tonnes,20-02-2025
Maharashtra,Hingoli,Hingoli(Kanegoan Naka) APMC,Oil Seeds,Soyabean,25.50,Metric Tonnes,18-02-2025
Maharashtra,Hingoli,Hingoli(Kanegoan Naka) APMC,Oil Seeds,Soyabean,24.80,Metric Tonnes,17-02-2025
Maharashtra,Hingoli,Hingoli(Kanegoan Naka) APMC,Oil Seeds,Soyabean,25.50,Metric Tonnes,15-02-2025
Maharashtra,Hingoli,Hingoli(Kanegoan Naka) APMC,Oil Seeds,Soyabean,25.50,Metric Tonnes,14-02-2025
Maharashtra,Hingoli,Hingoli(Kanegoan Naka) APMC,Oil Seeds,Soyabean,26.80,Metric Tonnes,13-02-2025
Maharashtra,Hingoli,Hingoli(Kanegoan Naka) APMC,Oil Seeds,Soyabean,8.40,Metric Tonnes,08-02-2025
Maharashtra,Hingoli,Hingoli(Kanegoan Naka) APMC,Oil Seeds,Soyabean,11.90,Metric Tonnes,07-02-2025
Maharashtra,Hingoli,Hingoli(Kanegoan Naka) APMC,Oil Seeds,Soyabean,27.60,Metric Tonnes,05-02-2025
Maharashtra,Hingoli,Hingoli(Kanegoan Naka) APMC,Oil Seeds,Soyabean,29.60,Metric Tonnes,04-02-2025
Maharashtra,Hingoli,Hingoli(Kanegoan Naka) APMC,Oil Seeds,Soyabean,26.00,Metric Tonnes,01-02-2025
Maharashtra,Hingoli,Hingoli(Kanegoan Naka) APMC,Oil Seeds,Soyabean,27.10,Metric Tonnes,31-01-2025
Maharashtra,Hingoli,Hingoli(Kanegoan Naka) APMC,Oil Seeds,Soyabean,28.40,Metric Tonnes,30-01-2025
Maharashtra,Hingoli,Hingoli(Kanegoan Naka) APMC,Oil Seeds,Soyabean,27.60,Metric Tonnes,29-01-2025
Maharashtra,Hingoli,Hingoli(Kanegoan Naka) APMC,Oil Seeds,Soyabean,27.80,Metric Tonnes,27-01-2025
Maharashtra,Hingoli,Hingoli(Kanegoan Naka) APMC,Oil Seeds,Soyabean,26.10,Metric Tonnes,25-01-2025
Maharashtra,Hingoli,Hingoli(Kanegoan Naka) APMC,Oil Seeds,Soyabean,27.20,Metric Tonnes,24-01-2025
Maharashtra,Hingoli,Hingoli(Kanegoan Naka) APMC,Oil Seeds,Soyabean,25.10,Metric Tonnes,23-01-2025
Maharashtra,Hingoli,Hingoli(Kanegoan Naka) APMC,Oil Seeds,Soyabean,25.40,Metric Tonnes,22-01-2025
Maharashtra,Hingoli,Hingoli(Kanegoan Naka) APMC,Oil Seeds,Soyabean,29.30,Metric Tonnes,21-01-2025
Maharashtra,Hingoli,Hingoli(Kanegoan Naka) APMC,Oil Seeds,Soyabean,32.80,Metric Tonnes,20-01-2025
Maharashtra,Hingoli,Hingoli(Kanegoan Naka) APMC,Oil Seeds,Soyabean,24.00,Metric Tonnes,18-01-2025
Maharashtra,Hingoli,Hingoli(Kanegoan Naka) APMC,Oil Seeds,Soyabean,30.40,Metric Tonnes,17-01-2025
Maharashtra,Hingoli,Hingoli(Kanegoan Naka) APMC,Oil Seeds,Soyabean,30.80,Metric Tonnes,16-01-2025
Maharashtra,Hingoli,Hingoli(Kanegoan Naka) APMC,Oil Seeds,Soyabean,10.30,Metric Tonnes,15-01-2025
Maharashtra,Hingoli,Hingoli(Kanegoan Naka) APMC,Oil Seeds,Soyabean,23.50,Metric Tonnes,14-01-2025
Maharashtra,Hingoli,Hingoli(Kanegoan Naka) APMC,Oil Seeds,Soyabean,31.70,Metric Tonnes,13-01-2025
Maharashtra,Hingoli,Hingoli(Kanegoan Naka) APMC,Oil Seeds,Soyabean,8.70,Metric Tonnes,11-01-2025
Maharashtra,Hingoli,Hingoli(Kanegoan Naka) APMC,Oil Seeds,Soyabean,29.50,Metric Tonnes,10-01-2025
Maharashtra,Hingoli,Hingoli(Kanegoan Naka) APMC,Oil Seeds,Soyabean,30.30,Metric Tonnes,09-01-2025
Maharashtra,Hingoli,Hingoli(Kanegoan Naka) APMC,Oil Seeds,Soyabean,31.20,Metric Tonnes,08-01-2025
Maharashtra,Hingoli,Hingoli(Kanegoan Naka) APMC,Oil Seeds,Soyabean,31.60,Metric Tonnes,07-01-2025
Maharashtra,Hingoli,Hingoli(Kanegoan Naka) APMC,Oil Seeds,Soyabean,32.10,Metric Tonnes,06-01-2025
Maharashtra,Hingoli,Hingoli(Kanegoan Naka) APMC,Oil Seeds,Soyabean,14.70,Metric Tonnes,04-01-2025
Maharashtra,Hingoli,Hingoli(Kanegoan Naka) APMC,Oil Seeds,Soyabean,29.80,Metric Tonnes,03-01-2025
Maharashtra,Hingoli,Hingoli(Kanegoan Naka) APMC,Oil Seeds,Soyabean,19.00,Metric Tonnes,01-01-2025
Maharashtra,Latur,Latur APMC,Oil Seeds,Soyabean,"1,678.30",Metric Tonnes,31-12-2025
Maharashtra,Latur,Latur APMC,Oil Seeds,Soyabean,"1,349.60",Metric Tonnes,30-12-2025
Maharashtra,Latur,Latur APMC,Oil Seeds,Soyabean,"1,417.10",Metric Tonnes,29-12-2025
Maharashtra,Latur,Latur APMC,Oil Seeds,Soyabean,"1,074.50",Metric Tonnes,27-12-2025
Maharashtra,Latur,Latur APMC,Oil Seeds,Soyabean,"1,543.10",Metric Tonnes,26-12-2025
Maharashtra,Latur,Latur APMC,Oil Seeds,Soyabean,"1,373.60",Metric Tonnes,25-12-2025
Maharashtra,Latur,Latur APMC,Oil Seeds,Soyabean,873.20,Metric Tonnes,24-12-2025
Maharashtra,Latur,Latur APMC,Oil Seeds,Soyabean,818.00,Metric Tonnes,23-12-2025
Maharashtra,Latur,Latur APMC,Oil Seeds,Soyabean,810.80,Metric Tonnes,22-12-2025
Maharashtra,Latur,Latur APMC,Oil Seeds,Soyabean,"1,347.70",Metric Tonnes,20-12-2025
Maharashtra,Latur,Latur APMC,Oil Seeds,Soyabean,"1,232.80",Metric Tonnes,17-12-2025
Maharashtra,Latur,Latur APMC,Oil Seeds,Soyabean,"1,705.00",Metric Tonnes,16-12-2025
Maharashtra,Latur,Latur APMC,Oil Seeds,Soyabean,"1,987.50",Metric Tonnes,15-12-2025
Maharashtra,Latur,Latur APMC,Oil Seeds,Soyabean,"1,027.20",Metric Tonnes,11-12-2025
Maharashtra,Latur,Latur APMC,Oil Seeds,Soyabean,"1,450.40",Metric Tonnes,10-12-2025
Maharashtra,Latur,Latur APMC,Oil Seeds,Soyabean,"1,819.60",Metric Tonnes,08-12-2025
Maharashtra,Latur,Latur APMC,Oil Seeds,Soyabean,"1,076.50",Metric Tonnes,03-12-2025
Maharashtra,Latur,Latur APMC,Oil Seeds,Soyabean,721.10,Metric Tonnes,02-12-2025
Maharashtra,Latur,Latur APMC,Oil Seeds,Soyabean,"1,525.30",Metric Tonnes,01-12-2025
Maharashtra,Latur,Latur APMC,Oil Seeds,Soyabean,"1,824.70",Metric Tonnes,26-11-2025
Maharashtra,Latur,Latur APMC,Oil Seeds,Soyabean,"2,354.80",Metric Tonnes,25-11-2025
Maharashtra,Latur,Latur APMC,Oil Seeds,Soyabean,"1,772.10",Metric Tonnes,24-11-2025
Maharashtra,Latur,Latur APMC,Oil Seeds,Soyabean,"1,726.00",Metric Tonnes,22-11-2025
Maharashtra,Latur,Latur APMC,Oil Seeds,Soyabean,"1,715.10",Metric Tonnes,21-11-2025
Maharashtra,Latur,Latur APMC,Oil Seeds,Soyabean,"1,338.20",Metric Tonnes,20-11-2025
Maharashtra,Latur,Latur APMC,Oil Seeds,Soyabean,"2,290.40",Metric Tonnes,18-11-2025
Maharashtra,Latur,Latur APMC,Oil Seeds,Soyabean,"1,865.20",Metric Tonnes,17-11-2025
Maharashtra,Latur,Latur APMC,Oil Seeds,Soyabean,23.50,Metric Tonnes,13-11-2025
Maharashtra,Latur,Latur APMC,Oil Seeds,Soyabean,"1,949.80",Metric Tonnes,12-11-2025
Maharashtra,Latur,Latur APMC,Oil Seeds,Soyabean,"1,948.10",Metric Tonnes,11-11-2025
Maharashtra,Latur,Latur APMC,Oil Seeds,Soyabean,"1,681.20",Metric Tonnes,10-11-2025
Maharashtra,Latur,Latur APMC,Oil Seeds,Soyabean,"1,737.10",Metric Tonnes,08-11-2025
Maharashtra,Latur,Latur APMC,Oil Seeds,Soyabean,"1,759.50",Metric Tonnes,07-11-2025
Maharashtra,Latur,Latur APMC,Oil Seeds,Soyabean,"1,958.30",Metric Tonnes,05-11-2025
Maharashtra,Latur,Latur APMC,Oil Seeds,Soyabean,"1,711.80",Metric Tonnes,04-11-2025
Maharashtra,Latur,Latur APMC,Oil Seeds,Soyabean,"1,941.00",Metric Tonnes,03-11-2025
Maharashtra,Latur,Latur APMC,Oil Seeds,Soyabean,"2,232.60",Metric Tonnes,01-11-2025
Maharashtra,Latur,Latur APMC,Oil Seeds,Soyabean,"2,591.10",Metric Tonnes,31-10-2025
Maharashtra,Latur,Latur APMC,Oil Seeds,Soyabean,"2,165.80",Metric Tonnes,30-10-2025
Maharashtra,Latur,Latur APMC,Oil Seeds,Soyabean,"3,435.10",Metric Tonnes,29-10-2025
Maharashtra,Latur,Latur APMC,Oil Seeds,Soyabean,"4,817.00",Metric Tonnes,28-10-2025
Maharashtra,Latur,Latur APMC,Oil Seeds,Soyabean,"2,432.80",Metric Tonnes,16-10-2025
Maharashtra,Latur,Latur APMC,Oil Seeds,Soyabean,"1,836.50",Metric Tonnes,15-10-2025
Maharashtra,Latur,Latur APMC,Oil Seeds,Soyabean,"1,417.20",Metric Tonnes,14-10-2025
Maharashtra,Latur,Latur APMC,Oil Seeds,Soyabean,"1,152.00",Metric Tonnes,13-10-2025
Maharashtra,Latur,Latur APMC,Oil Seeds,Soyabean,333.60,Metric Tonnes,08-10-2025
Maharashtra,Latur,Latur APMC,Oil Seeds,Soyabean,216.50,Metric Tonnes,03-10-2025
Maharashtra,Latur,Latur APMC,Oil Seeds,Soyabean,128.70,Metric Tonnes,01-10-2025
Maharashtra,Latur,Latur APMC,Oil Seeds,Soyabean,47.10,Metric Tonnes,29-09-2025
Maharashtra,Latur,Latur APMC,Oil Seeds,Soyabean,177.60,Metric Tonnes,27-09-2025
Maharashtra,Latur,Latur APMC,Oil Seeds,Soyabean,157.60,Metric Tonnes,26-09-2025
Maharashtra,Latur,Latur APMC,Oil Seeds,Soyabean,173.40,Metric Tonnes,25-09-2025
Maharashtra,Latur,Latur APMC,Oil Seeds,Soyabean,222.90,Metric Tonnes,24-09-2025
Maharashtra,Latur,Latur APMC,Oil Seeds,Soyabean,227.20,Metric Tonnes,23-09-2025
Maharashtra,Latur,Latur APMC,Oil Seeds,Soyabean,341.20,Metric Tonnes,20-09-2025
Maharashtra,Latur,Latur APMC,Oil Seeds,Soyabean,435.70,Metric Tonnes,19-09-2025
Maharashtra,Latur,Latur APMC,Oil Seeds,Soyabean,420.30,Metric Tonnes,18-09-2025
Maharashtra,Latur,Latur APMC,Oil Seeds,Soyabean,668.40,Metric Tonnes,15-09-2025
Maharashtra,Latur,Latur APMC,Oil Seeds,Soyabean,329.80,Metric Tonnes,13-09-2025
Maharashtra,Latur,Latur APMC,Oil Seeds,Soyabean,292.80,Metric Tonnes,04-09-2025
Maharashtra,Latur,Latur APMC,Oil Seeds,Soyabean,462.60,Metric Tonnes,03-09-2025
Maharashtra,Latur,Latur APMC,Oil Seeds,Soyabean,399.70,Metric Tonnes,25-08-2025
Maharashtra,Latur,Latur APMC,Oil Seeds,Soyabean,392.90,Metric Tonnes,20-08-2025
Maharashtra,Latur,Latur APMC,Oil Seeds,Soyabean,434.70,Metric Tonnes,19-08-2025
Maharashtra,Latur,Latur APMC,Oil Seeds,Soyabean,697.60,Metric Tonnes,14-08-2025
Maharashtra,Latur,Latur APMC,Oil Seeds,Soyabean,789.20,Metric Tonnes,12-08-2025
Maharashtra,Latur,Latur APMC,Oil Seeds,Soyabean,538.20,Metric Tonnes,11-08-2025
Maharashtra,Latur,Latur APMC,Oil Seeds,Soyabean,538.00,Metric Tonnes,08-08-2025
Maharashtra,Latur,Latur APMC,Oil Seeds,Soyabean,538.00,Metric Tonnes,07-08-2025
Maharashtra,Latur,Latur APMC,Oil Seeds,Soyabean,287.30,Metric Tonnes,06-08-2025
Maharashtra,Latur,Latur APMC,Oil Seeds,Soyabean,708.40,Metric Tonnes,05-08-2025
Maharashtra,Latur,Latur APMC,Oil Seeds,Soyabean,678.30,Metric Tonnes,04-08-2025
Maharashtra,Latur,Latur APMC,Oil Seeds,Soyabean,462.10,Metric Tonnes,02-08-2025
Maharashtra,Latur,Latur APMC,Oil Seeds,Soyabean,566.80,Metric Tonnes,31-07-2025
Maharashtra,Latur,Latur APMC,Oil Seeds,Soyabean,414.80,Metric Tonnes,30-07-2025
Maharashtra,Latur,Latur APMC,Oil Seeds,Soyabean,175.50,Metric Tonnes,28-07-2025
Maharashtra,Latur,Latur APMC,Oil Seeds,Soyabean,336.40,Metric Tonnes,25-07-2025
Maharashtra,Latur,Latur APMC,Oil Seeds,Soyabean,363.50,Metric Tonnes,22-07-2025
Maharashtra,Latur,Latur APMC,Oil Seeds,Soyabean,371.70,Metric Tonnes,19-07-2025
Maharashtra,Latur,Latur APMC,Oil Seeds,Soyabean,373.90,Metric Tonnes,18-07-2025
Maharashtra,Latur,Latur APMC,Oil Seeds,Soyabean,432.50,Metric Tonnes,17-07-2025
Maharashtra,Latur,Latur APMC,Oil Seeds,Soyabean,564.30,Metric Tonnes,16-07-2025
Maharashtra,Latur,Latur APMC,Oil Seeds,Soyabean,450.40,Metric Tonnes,15-07-2025
Maharashtra,Latur,Latur APMC,Oil Seeds,Soyabean,372.60,Metric Tonnes,14-07-2025
Maharashtra,Latur,Latur APMC,Oil Seeds,Soyabean,261.20,Metric Tonnes,12-07-2025
Maharashtra,Latur,Latur APMC,Oil Seeds,Soyabean,218.70,Metric Tonnes,11-07-2025
Maharashtra,Latur,Latur APMC,Oil Seeds,Soyabean,315.50,Metric Tonnes,08-07-2025
Maharashtra,Latur,Latur APMC,Oil Seeds,Soyabean,403.10,Metric Tonnes,07-07-2025
Maharashtra,Latur,Latur APMC,Oil Seeds,Soyabean,587.50,Metric Tonnes,05-07-2025
Maharashtra,Latur,Latur APMC,Oil Seeds,Soyabean,417.70,Metric Tonnes,04-07-2025
Maharashtra,Latur,Latur APMC,Oil Seeds,Soyabean,442.30,Metric Tonnes,03-07-2025
Maharashtra,Latur,Latur APMC,Oil Seeds,Soyabean,535.10,Metric Tonnes,01-07-2025
Maharashtra,Latur,Latur APMC,Oil Seeds,Soyabean,907.30,Metric Tonnes,28-06-2025
Maharashtra,Latur,Latur APMC,Oil Seeds,Soyabean,"1,091.40",Metric Tonnes,27-06-2025
Maharashtra,Latur,Latur APMC,Oil Seeds,Soyabean,864.10,Metric Tonnes,26-06-2025
Maharashtra,Latur,Latur APMC,Oil Seeds,Soyabean,596.10,Metric Tonnes,24-06-2025
Maharashtra,Latur,Latur APMC,Oil Seeds,Soyabean,856.70,Metric Tonnes,21-06-2025
Maharashtra,Latur,Latur APMC,Oil Seeds,Soyabean,836.30,Metric Tonnes,20-06-2025
Maharashtra,Latur,Latur APMC,Oil Seeds,Soyabean,"4,587.00",Metric Tonnes,17-06-2025
Maharashtra,Latur,Latur APMC,Oil Seeds,Soyabean,"1,381.30",Metric Tonnes,16-06-2025
Maharashtra,Latur,Latur APMC,Oil Seeds,Soyabean,"1,698.40",Metric Tonnes,14-06-2025
Maharashtra,Latur,Latur APMC,Oil Seeds,Soyabean,574.30,Metric Tonnes,13-06-2025
Maharashtra,Latur,Latur APMC,Oil Seeds,Soyabean,"1,000.70",Metric Tonnes,12-06-2025
Maharashtra,Latur,Latur APMC,Oil Seeds,Soyabean,631.40,Metric Tonnes,11-06-2025
Maharashtra,Latur,Latur APMC,Oil Seeds,Soyabean,906.00,Metric Tonnes,10-06-2025
Maharashtra,Latur,Latur APMC,Oil Seeds,Soyabean,944.70,Metric Tonnes,09-06-2025
Maharashtra,Latur,Latur APMC,Oil Seeds,Soyabean,"1,116.30",Metric Tonnes,06-06-2025
Maharashtra,Latur,Latur APMC,Oil Seeds,Soyabean,"1,023.10",Metric Tonnes,05-06-2025
Maharashtra,Latur,Latur APMC,Oil Seeds,Soyabean,816.70,Metric Tonnes,03-06-2025
Maharashtra,Latur,Latur APMC,Oil Seeds,Soyabean,881.60,Metric Tonnes,02-06-2025
Maharashtra,Latur,Latur APMC,Oil Seeds,Soyabean,933.40,Metric Tonnes,31-05-2025
Maharashtra,Latur,Latur APMC,Oil Seeds,Soyabean,"1,069.20",Metric Tonnes,30-05-2025
Maharashtra,Latur,Latur APMC,Oil Seeds,Soyabean,623.60,Metric Tonnes,29-05-2025
Maharashtra,Latur,Latur APMC,Oil Seeds,Soyabean,738.70,Metric Tonnes,24-05-2025
Maharashtra,Latur,Latur APMC,Oil Seeds,Soyabean,511.40,Metric Tonnes,23-05-2025
Maharashtra,Latur,Latur APMC,Oil Seeds,Soyabean,511.00,Metric Tonnes,22-05-2025
Maharashtra,Latur,Latur APMC,Oil Seeds,Soyabean,888.80,Metric Tonnes,17-05-2025
Maharashtra,Latur,Latur APMC,Oil Seeds,Soyabean,644.70,Metric Tonnes,16-05-2025
Maharashtra,Latur,Latur APMC,Oil Seeds,Soyabean,919.40,Metric Tonnes,15-05-2025
Maharashtra,Latur,Latur APMC,Oil Seeds,Soyabean,783.90,Metric Tonnes,13-05-2025
Maharashtra,Latur,Latur APMC,Oil Seeds,Soyabean,879.70,Metric Tonnes,10-05-2025
Maharashtra,Latur,Latur APMC,Oil Seeds,Soyabean,"1,004.50",Metric Tonnes,08-05-2025
Maharashtra,Latur,Latur APMC,Oil Seeds,Soyabean,735.90,Metric Tonnes,07-05-2025
Maharashtra,Latur,Latur APMC,Oil Seeds,Soyabean,450.00,Metric Tonnes,06-05-2025
Maharashtra,Latur,Latur APMC,Oil Seeds,Soyabean,644.80,Metric Tonnes,05-05-2025
Maharashtra,Latur,Latur APMC,Oil Seeds,Soyabean,497.20,Metric Tonnes,03-05-2025
Maharashtra,Latur,Latur APMC,Oil Seeds,Soyabean,"1,200.50",Metric Tonnes,02-05-2025
Maharashtra,Latur,Latur APMC,Oil Seeds,Soyabean,652.00,Metric Tonnes,28-04-2025
Maharashtra,Latur,Latur APMC,Oil Seeds,Soyabean,"1,037.30",Metric Tonnes,26-04-2025
Maharashtra,Latur,Latur APMC,Oil Seeds,Soyabean,648.60,Metric Tonnes,24-04-2025
Maharashtra,Latur,Latur APMC,Oil Seeds,Soyabean,"1,061.10",Metric Tonnes,23-04-2025
Maharashtra,Latur,Latur APMC,Oil Seeds,Soyabean,"1,119.10",Metric Tonnes,22-04-2025
Maharashtra,Latur,Latur APMC,Oil Seeds,Soyabean,935.90,Metric Tonnes,21-04-2025
Maharashtra,Latur,Latur APMC,Oil Seeds,Soyabean,754.80,Metric Tonnes,19-04-2025
Maharashtra,Latur,Latur APMC,Oil Seeds,Soyabean,942.90,Metric Tonnes,18-04-2025
Maharashtra,Latur,Latur APMC,Oil Seeds,Soyabean,"1,118.10",Metric Tonnes,17-04-2025
Maharashtra,Latur,Latur APMC,Oil Seeds,Soyabean,"1,208.30",Metric Tonnes,16-04-2025
Maharashtra,Latur,Latur APMC,Oil Seeds,Soyabean,"1,255.70",Metric Tonnes,15-04-2025
Maharashtra,Latur,Latur APMC,Oil Seeds,Soyabean,"1,166.90",Metric Tonnes,11-04-2025
Maharashtra,Latur,Latur APMC,Oil Seeds,Soyabean,"1,271.30",Metric Tonnes,10-04-2025
Maharashtra,Latur,Latur APMC,Oil Seeds,Soyabean,976.20,Metric Tonnes,09-04-2025
Maharashtra,Latur,Latur APMC,Oil Seeds,Soyabean,893.40,Metric Tonnes,08-04-2025
Maharashtra,Latur,Latur APMC,Oil Seeds,Soyabean,656.80,Metric Tonnes,07-04-2025
Maharashtra,Latur,Latur APMC,Oil Seeds,Soyabean,938.70,Metric Tonnes,05-04-2025
Maharashtra,Latur,Latur APMC,Oil Seeds,Soyabean,"1,522.90",Metric Tonnes,04-04-2025
Maharashtra,Latur,Latur APMC,Oil Seeds,Soyabean,"1,289.80",Metric Tonnes,03-04-2025
Maharashtra,Latur,Latur APMC,Oil Seeds,Soyabean,874.70,Metric Tonnes,30-03-2025
Maharashtra,Latur,Latur APMC,Oil Seeds,Soyabean,555.70,Metric Tonnes,28-03-2025
Maharashtra,Latur,Latur APMC,Oil Seeds,Soyabean,"1,026.20",Metric Tonnes,27-03-2025
Maharashtra,Latur,Latur APMC,Oil Seeds,Soyabean,"1,057.20",Metric Tonnes,26-03-2025
Maharashtra,Latur,Latur APMC,Oil Seeds,Soyabean,983.50,Metric Tonnes,25-03-2025
Maharashtra,Latur,Latur APMC,Oil Seeds,Soyabean,"1,593.60",Metric Tonnes,24-03-2025
Maharashtra,Latur,Latur APMC,Oil Seeds,Soyabean,"1,314.40",Metric Tonnes,13-03-2025
Maharashtra,Latur,Latur APMC,Oil Seeds,Soyabean,"1,219.30",Metric Tonnes,12-03-2025
Maharashtra,Latur,Latur APMC,Oil Seeds,Soyabean,"1,612.50",Metric Tonnes,11-03-2025
Maharashtra,Latur,Latur APMC,Oil Seeds,Soyabean,"2,926.40",Metric Tonnes,10-03-2025
Maharashtra,Latur,Latur APMC,Oil Seeds,Soyabean,"1,660.40",Metric Tonnes,08-03-2025
Maharashtra,Latur,Latur APMC,Oil Seeds,Soyabean,"1,096.40",Metric Tonnes,07-03-2025
Maharashtra,Latur,Latur APMC,Oil Seeds,Soyabean,862.70,Metric Tonnes,06-03-2025
Maharashtra,Latur,Latur APMC,Oil Seeds,Soyabean,671.20,Metric Tonnes,05-03-2025
Maharashtra,Latur,Latur APMC,Oil Seeds,Soyabean,"1,057.60",Metric Tonnes,04-03-2025
Maharashtra,Latur,Latur APMC,Oil Seeds,Soyabean,"1,261.10",Metric Tonnes,01-03-2025
Maharashtra,Latur,Latur APMC,Oil Seeds,Soyabean,"1,180.10",Metric Tonnes,28-02-2025
Maharashtra,Latur,Latur APMC,Oil Seeds,Soyabean,844.60,Metric Tonnes,25-02-2025
Maharashtra,Latur,Latur APMC,Oil Seeds,Soyabean,"1,197.20",Metric Tonnes,24-02-2025
Maharashtra,Latur,Latur APMC,Oil Seeds,Soyabean,820.40,Metric Tonnes,22-02-2025
Maharashtra,Latur,Latur APMC,Oil Seeds,Soyabean,536.80,Metric Tonnes,21-02-2025
Maharashtra,Latur,Latur APMC,Oil Seeds,Soyabean,836.30,Metric Tonnes,20-02-2025
Maharashtra,Latur,Latur APMC,Oil Seeds,Soyabean,491.90,Metric Tonnes,17-02-2025
Maharashtra,Latur,Latur APMC,Oil Seeds,Soyabean,"1,044.10",Metric Tonnes,15-02-2025
Maharashtra,Latur,Latur APMC,Oil Seeds,Soyabean,982.80,Metric Tonnes,14-02-2025
Maharashtra,Latur,Latur APMC,Oil Seeds,Soyabean,912.10,Metric Tonnes,13-02-2025
Maharashtra,Latur,Latur APMC,Oil Seeds,Soyabean,"1,074.00",Metric Tonnes,08-02-2025
Maharashtra,Latur,Latur APMC,Oil Seeds,Soyabean,964.90,Metric Tonnes,07-02-2025
Maharashtra,Latur,Latur APMC,Oil Seeds,Soyabean,569.20,Metric Tonnes,06-02-2025
Maharashtra,Latur,Latur APMC,Oil Seeds,Soyabean,"1,601.20",Metric Tonnes,05-02-2025
Maharashtra,Latur,Latur APMC,Oil Seeds,Soyabean,"4,129.50",Metric Tonnes,03-02-2025
Maharashtra,Latur,Latur APMC,Oil Seeds,Soyabean,985.20,Metric Tonnes,01-02-2025
Maharashtra,Latur,Latur APMC,Oil Seeds,Soyabean,"1,988.30",Metric Tonnes,31-01-2025
Maharashtra,Latur,Latur APMC,Oil Seeds,Soyabean,"1,800.90",Metric Tonnes,30-01-2025
Maharashtra,Latur,Latur APMC,Oil Seeds,Soyabean,"1,656.30",Metric Tonnes,28-01-2025
Maharashtra,Latur,Latur APMC,Oil Seeds,Soyabean,"1,358.40",Metric Tonnes,27-01-2025
Maharashtra,Latur,Latur APMC,Oil Seeds,Soyabean,"1,782.00",Metric Tonnes,25-01-2025
Maharashtra,Latur,Latur APMC,Oil Seeds,Soyabean,"2,245.40",Metric Tonnes,23-01-2025
Maharashtra,Latur,Latur APMC,Oil Seeds,Soyabean,"1,666.70",Metric Tonnes,22-01-2025
Maharashtra,Latur,Latur APMC,Oil Seeds,Soyabean,"2,549.10",Metric Tonnes,21-01-2025
Maharashtra,Latur,Latur APMC,Oil Seeds,Soyabean,"1,889.60",Metric Tonnes,20-01-2025
Maharashtra,Latur,Latur APMC,Oil Seeds,Soyabean,"1,250.80",Metric Tonnes,18-01-2025
Maharashtra,Latur,Latur APMC,Oil Seeds,Soyabean,"1,172.10",Metric Tonnes,17-01-2025
Maharashtra,Latur,Latur APMC,Oil Seeds,Soyabean,"1,988.80",Metric Tonnes,16-01-2025
Maharashtra,Latur,Latur APMC,Oil Seeds,Soyabean,"2,324.60",Metric Tonnes,15-01-2025
Maharashtra,Latur,Latur APMC,Oil Seeds,Soyabean,"2,749.60",Metric Tonnes,13-01-2025
Maharashtra,Latur,Latur APMC,Oil Seeds,Soyabean,"1,669.60",Metric Tonnes,11-01-2025
Maharashtra,Latur,Latur APMC,Oil Seeds,Soyabean,"1,813.10",Metric Tonnes,10-01-2025
Maharashtra,Latur,Latur APMC,Oil Seeds,Soyabean,"1,337.20",Metric Tonnes,09-01-2025
Maharashtra,Latur,Latur APMC,Oil Seeds,Soyabean,"2,145.50",Metric Tonnes,08-01-2025
Maharashtra,Latur,Latur APMC,Oil Seeds,Soyabean,"2,335.30",Metric Tonnes,06-01-2025
Maharashtra,Latur,Latur APMC,Oil Seeds,Soyabean,"1,506.40",Metric Tonnes,04-01-2025
Maharashtra,Latur,Latur APMC,Oil Seeds,Soyabean,"1,059.20",Metric Tonnes,03-01-2025
Maharashtra,Latur,Latur APMC,Oil Seeds,Soyabean,"1,624.80",Metric Tonnes,02-01-2025
Maharashtra,Latur,Latur(Murud) APMC,Oil Seeds,Soyabean,5.50,Metric Tonnes,31-12-2025
Maharashtra,Latur,Latur(Murud) APMC,Oil Seeds,Soyabean,6.00,Metric Tonnes,30-12-2025
Maharashtra,Latur,Latur(Murud) APMC,Oil Seeds,Soyabean,7.00,Metric Tonnes,29-12-2025
Maharashtra,Latur,Latur(Murud) APMC,Oil Seeds,Soyabean,14.20,Metric Tonnes,26-12-2025
Maharashtra,Latur,Latur(Murud) APMC,Oil Seeds,Soyabean,17.90,Metric Tonnes,25-12-2025
Maharashtra,Latur,Latur(Murud) APMC,Oil Seeds,Soyabean,25.00,Metric Tonnes,24-12-2025
Maharashtra,Latur,Latur(Murud) APMC,Oil Seeds,Soyabean,20.20,Metric Tonnes,23-12-2025
Maharashtra,Latur,Latur(Murud) APMC,Oil Seeds,Soyabean,17.90,Metric Tonnes,22-12-2025
Maharashtra,Latur,Latur(Murud) APMC,Oil Seeds,Soyabean,8.20,Metric Tonnes,20-12-2025
Maharashtra,Latur,Latur(Murud) APMC,Oil Seeds,Soyabean,17.00,Metric Tonnes,15-12-2025
Maharashtra,Latur,Latur(Murud) APMC,Oil Seeds,Soyabean,13.50,Metric Tonnes,12-12-2025
Maharashtra,Latur,Latur(Murud) APMC,Oil Seeds,Soyabean,9.90,Metric Tonnes,11-12-2025
Maharashtra,Latur,Latur(Murud) APMC,Oil Seeds,Soyabean,6.50,Metric Tonnes,10-12-2025
Maharashtra,Latur,Latur(Murud) APMC,Oil Seeds,Soyabean,14.00,Metric Tonnes,09-12-2025
Maharashtra,Latur,Latur(Murud) APMC,Oil Seeds,Soyabean,6.50,Metric Tonnes,08-12-2025
Maharashtra,Latur,Latur(Murud) APMC,Oil Seeds,Soyabean,6.10,Metric Tonnes,04-12-2025
Maharashtra,Latur,Latur(Murud) APMC,Oil Seeds,Soyabean,8.50,Metric Tonnes,03-12-2025
Maharashtra,Latur,Latur(Murud) APMC,Oil Seeds,Soyabean,8.50,Metric Tonnes,02-12-2025
Maharashtra,Latur,Latur(Murud) APMC,Oil Seeds,Soyabean,7.50,Metric Tonnes,01-12-2025
Maharashtra,Latur,Latur(Murud) APMC,Oil Seeds,Soyabean,30.90,Metric Tonnes,29-11-2025
Maharashtra,Latur,Latur(Murud) APMC,Oil Seeds,Soyabean,18.20,Metric Tonnes,28-11-2025
Maharashtra,Latur,Latur(Murud) APMC,Oil Seeds,Soyabean,27.50,Metric Tonnes,27-11-2025
Maharashtra,Latur,Latur(Murud) APMC,Oil Seeds,Soyabean,21.40,Metric Tonnes,26-11-2025
Maharashtra,Latur,Latur(Murud) APMC,Oil Seeds,Soyabean,21.60,Metric Tonnes,25-11-2025
Maharashtra,Latur,Latur(Murud) APMC,Oil Seeds,Soyabean,11.60,Metric Tonnes,24-11-2025
Maharashtra,Latur,Latur(Murud) APMC,Oil Seeds,Soyabean,12.50,Metric Tonnes,21-11-2025
Maharashtra,Latur,Latur(Murud) APMC,Oil Seeds,Soyabean,23.90,Metric Tonnes,20-11-2025
Maharashtra,Latur,Latur(Murud) APMC,Oil Seeds,Soyabean,10.30,Metric Tonnes,18-11-2025
Maharashtra,Latur,Latur(Murud) APMC,Oil Seeds,Soyabean,10.50,Metric Tonnes,17-11-2025
Maharashtra,Latur,Latur(Murud) APMC,Oil Seeds,Soyabean,6.50,Metric Tonnes,14-11-2025
Maharashtra,Latur,Latur(Murud) APMC,Oil Seeds,Soyabean,8.10,Metric Tonnes,10-11-2025
Maharashtra,Latur,Latur(Murud) APMC,Oil Seeds,Soyabean,7.30,Metric Tonnes,08-11-2025
Maharashtra,Latur,Latur(Murud) APMC,Oil Seeds,Soyabean,13.00,Metric Tonnes,07-11-2025
Maharashtra,Latur,Latur(Murud) APMC,Oil Seeds,Soyabean,2.30,Metric Tonnes,03-11-2025
Maharashtra,Latur,Latur(Murud) APMC,Oil Seeds,Soyabean,12.00,Metric Tonnes,01-11-2025
Maharashtra,Latur,Latur(Murud) APMC,Oil Seeds,Soyabean,2.90,Metric Tonnes,31-10-2025
Maharashtra,Latur,Latur(Murud) APMC,Oil Seeds,Soyabean,27.10,Metric Tonnes,30-10-2025
Maharashtra,Latur,Latur(Murud) APMC,Oil Seeds,Soyabean,19.10,Metric Tonnes,28-10-2025
Maharashtra,Latur,Latur(Murud) APMC,Oil Seeds,Soyabean,23.70,Metric Tonnes,27-10-2025
Maharashtra,Latur,Latur(Murud) APMC,Oil Seeds,Soyabean,5.00,Metric Tonnes,18-10-2025
Maharashtra,Latur,Latur(Murud) APMC,Oil Seeds,Soyabean,5.20,Metric Tonnes,17-10-2025
Maharashtra,Latur,Latur(Murud) APMC,Oil Seeds,Soyabean,5.60,Metric Tonnes,16-10-2025
Maharashtra,Latur,Latur(Murud) APMC,Oil Seeds,Soyabean,1.50,Metric Tonnes,15-10-2025
Maharashtra,Latur,Latur(Murud) APMC,Oil Seeds,Soyabean,2.50,Metric Tonnes,14-10-2025
Maharashtra,Latur,Latur(Murud) APMC,Oil Seeds,Soyabean,4.40,Metric Tonnes,13-10-2025
Maharashtra,Latur,Latur(Murud) APMC,Oil Seeds,Soyabean,4.00,Metric Tonnes,09-10-2025
Maharashtra,Latur,Latur(Murud) APMC,Oil Seeds,Soyabean,3.50,Metric Tonnes,08-10-2025
Maharashtra,Latur,Latur(Murud) APMC,Oil Seeds,Soyabean,2.50,Metric Tonnes,07-10-2025
Maharashtra,Latur,Latur(Murud) APMC,Oil Seeds,Soyabean,2.00,Metric Tonnes,06-10-2025
Maharashtra,Latur,Latur(Murud) APMC,Oil Seeds,Soyabean,0.70,Metric Tonnes,01-10-2025
Maharashtra,Latur,Latur(Murud) APMC,Oil Seeds,Soyabean,0.30,Metric Tonnes,30-09-2025
Maharashtra,Latur,Latur(Murud) APMC,Oil Seeds,Soyabean,5.80,Metric Tonnes,24-09-2025
Maharashtra,Latur,Latur(Murud) APMC,Oil Seeds,Soyabean,5.00,Metric Tonnes,23-09-2025
Maharashtra,Latur,Latur(Murud) APMC,Oil Seeds,Soyabean,5.20,Metric Tonnes,22-09-2025
Maharashtra,Latur,Latur(Murud) APMC,Oil Seeds,Soyabean,3.00,Metric Tonnes,20-09-2025
Maharashtra,Latur,Latur(Murud) APMC,Oil Seeds,Soyabean,4.70,Metric Tonnes,19-09-2025
Maharashtra,Latur,Latur(Murud) APMC,Oil Seeds,Soyabean,5.30,Metric Tonnes,18-09-2025
Maharashtra,Latur,Latur(Murud) APMC,Oil Seeds,Soyabean,1.70,Metric Tonnes,16-09-2025
Maharashtra,Latur,Latur(Murud) APMC,Oil Seeds,Soyabean,3.50,Metric Tonnes,15-09-2025
Maharashtra,Latur,Latur(Murud) APMC,Oil Seeds,Soyabean,5.20,Metric Tonnes,13-09-2025
Maharashtra,Latur,Latur(Murud) APMC,Oil Seeds,Soyabean,5.00,Metric Tonnes,12-09-2025
Maharashtra,Latur,Latur(Murud) APMC,Oil Seeds,Soyabean,4.50,Metric Tonnes,04-09-2025
Maharashtra,Latur,Latur(Murud) APMC,Oil Seeds,Soyabean,4.70,Metric Tonnes,03-09-2025
Maharashtra,Latur,Latur(Murud) APMC,Oil Seeds,Soyabean,2.70,Metric Tonnes,30-08-2025
Maharashtra,Latur,Latur(Murud) APMC,Oil Seeds,Soyabean,1.70,Metric Tonnes,29-08-2025
Maharashtra,Latur,Latur(Murud) APMC,Oil Seeds,Soyabean,4.50,Metric Tonnes,26-08-2025
Maharashtra,Latur,Latur(Murud) APMC,Oil Seeds,Soyabean,5.20,Metric Tonnes,21-08-2025
Maharashtra,Latur,Latur(Murud) APMC,Oil Seeds,Soyabean,2.40,Metric Tonnes,20-08-2025
Maharashtra,Latur,Latur(Murud) APMC,Oil Seeds,Soyabean,5.20,Metric Tonnes,19-08-2025
Maharashtra,Latur,Latur(Murud) APMC,Oil Seeds,Soyabean,4.80,Metric Tonnes,14-08-2025
Maharashtra,Latur,Latur(Murud) APMC,Oil Seeds,Soyabean,3.50,Metric Tonnes,13-08-2025
Maharashtra,Latur,Latur(Murud) APMC,Oil Seeds,Soyabean,2.50,Metric Tonnes,12-08-2025
Maharashtra,Latur,Latur(Murud) APMC,Oil Seeds,Soyabean,2.50,Metric Tonnes,11-08-2025
Maharashtra,Latur,Latur(Murud) APMC,Oil Seeds,Soyabean,3.00,Metric Tonnes,07-08-2025
Maharashtra,Latur,Latur(Murud) APMC,Oil Seeds,Soyabean,2.90,Metric Tonnes,05-08-2025
Maharashtra,Latur,Latur(Murud) APMC,Oil Seeds,Soyabean,3.50,Metric Tonnes,04-08-2025
Maharashtra,Latur,Latur(Murud) APMC,Oil Seeds,Soyabean,22.80,Metric Tonnes,31-07-2025
Maharashtra,Latur,Latur(Murud) APMC,Oil Seeds,Soyabean,5.10,Metric Tonnes,30-07-2025
Maharashtra,Latur,Latur(Murud) APMC,Oil Seeds,Soyabean,4.50,Metric Tonnes,28-07-2025
Maharashtra,Latur,Latur(Murud) APMC,Oil Seeds,Soyabean,2.50,Metric Tonnes,23-07-2025
Maharashtra,Latur,Latur(Murud) APMC,Oil Seeds,Soyabean,2.30,Metric Tonnes,21-07-2025
Maharashtra,Latur,Latur(Murud) APMC,Oil Seeds,Soyabean,2.00,Metric Tonnes,18-07-2025
Maharashtra,Latur,Latur(Murud) APMC,Oil Seeds,Soyabean,0.80,Metric Tonnes,15-07-2025
Maharashtra,Latur,Latur(Murud) APMC,Oil Seeds,Soyabean,1.50,Metric Tonnes,14-07-2025
Maharashtra,Latur,Latur(Murud) APMC,Oil Seeds,Soyabean,1.00,Metric Tonnes,12-07-2025
Maharashtra,Latur,Latur(Murud) APMC,Oil Seeds,Soyabean,5.10,Metric Tonnes,11-07-2025
Maharashtra,Latur,Latur(Murud) APMC,Oil Seeds,Soyabean,4.50,Metric Tonnes,10-07-2025
Maharashtra,Latur,Latur(Murud) APMC,Oil Seeds,Soyabean,2.00,Metric Tonnes,08-07-2025
Maharashtra,Latur,Latur(Murud) APMC,Oil Seeds,Soyabean,1.50,Metric Tonnes,07-07-2025
Maharashtra,Latur,Latur(Murud) APMC,Oil Seeds,Soyabean,2.00,Metric Tonnes,05-07-2025
Maharashtra,Latur,Latur(Murud) APMC,Oil Seeds,Soyabean,5.30,Metric Tonnes,01-07-2025
Maharashtra,Latur,Latur(Murud) APMC,Oil Seeds,Soyabean,43.10,Metric Tonnes,30-06-2025
Maharashtra,Latur,Latur(Murud) APMC,Oil Seeds,Soyabean,17.20,Metric Tonnes,28-06-2025
Maharashtra,Latur,Latur(Murud) APMC,Oil Seeds,Soyabean,5.10,Metric Tonnes,27-06-2025
Maharashtra,Latur,Latur(Murud) APMC,Oil Seeds,Soyabean,2.30,Metric Tonnes,26-06-2025
Maharashtra,Latur,Latur(Murud) APMC,Oil Seeds,Soyabean,5.00,Metric Tonnes,24-06-2025
Maharashtra,Latur,Latur(Murud) APMC,Oil Seeds,Soyabean,2.10,Metric Tonnes,23-06-2025
Maharashtra,Latur,Latur(Murud) APMC,Oil Seeds,Soyabean,13.40,Metric Tonnes,19-06-2025
Maharashtra,Latur,Latur(Murud) APMC,Oil Seeds,Soyabean,0.80,Metric Tonnes,16-06-2025
Maharashtra,Latur,Latur(Murud) APMC,Oil Seeds,Soyabean,1.40,Metric Tonnes,14-06-2025
Maharashtra,Latur,Latur(Murud) APMC,Oil Seeds,Soyabean,2.00,Metric Tonnes,13-06-2025
Maharashtra,Latur,Latur(Murud) APMC,Oil Seeds,Soyabean,1.60,Metric Tonnes,12-06-2025
Maharashtra,Latur,Latur(Murud) APMC,Oil Seeds,Soyabean,6.60,Metric Tonnes,11-06-2025
Maharashtra,Latur,Latur(Murud) APMC,Oil Seeds,Soyabean,5.00,Metric Tonnes,10-06-2025
Maharashtra,Latur,Latur(Murud) APMC,Oil Seeds,Soyabean,4.50,Metric Tonnes,09-06-2025
Maharashtra,Latur,Latur(Murud) APMC,Oil Seeds,Soyabean,8.00,Metric Tonnes,06-06-2025
Maharashtra,Latur,Latur(Murud) APMC,Oil Seeds,Soyabean,15.10,Metric Tonnes,04-06-2025
Maharashtra,Latur,Latur(Murud) APMC,Oil Seeds,Soyabean,5.90,Metric Tonnes,03-06-2025
Maharashtra,Latur,Latur(Murud) APMC,Oil Seeds,Soyabean,2.30,Metric Tonnes,02-06-2025
Maharashtra,Latur,Latur(Murud) APMC,Oil Seeds,Soyabean,5.50,Metric Tonnes,31-05-2025
Maharashtra,Latur,Latur(Murud) APMC,Oil Seeds,Soyabean,5.20,Metric Tonnes,30-05-2025
Maharashtra,Latur,Latur(Murud) APMC,Oil Seeds,Soyabean,6.00,Metric Tonnes,29-05-2025
Maharashtra,Latur,Latur(Murud) APMC,Oil Seeds,Soyabean,3.10,Metric Tonnes,23-05-2025
Maharashtra,Latur,Latur(Murud) APMC,Oil Seeds,Soyabean,7.10,Metric Tonnes,22-05-2025
Maharashtra,Latur,Latur(Murud) APMC,Oil Seeds,Soyabean,5.00,Metric Tonnes,21-05-2025
Maharashtra,Latur,Latur(Murud) APMC,Oil Seeds,Soyabean,5.30,Metric Tonnes,17-05-2025
Maharashtra,Latur,Latur(Murud) APMC,Oil Seeds,Soyabean,5.30,Metric Tonnes,16-05-2025
Maharashtra,Latur,Latur(Murud) APMC,Oil Seeds,Soyabean,9.20,Metric Tonnes,15-05-2025
Maharashtra,Latur,Latur(Murud) APMC,Oil Seeds,Soyabean,15.20,Metric Tonnes,13-05-2025
Maharashtra,Latur,Latur(Murud) APMC,Oil Seeds,Soyabean,2.50,Metric Tonnes,10-05-2025
Maharashtra,Latur,Latur(Murud) APMC,Oil Seeds,Soyabean,5.20,Metric Tonnes,09-05-2025
Maharashtra,Latur,Latur(Murud) APMC,Oil Seeds,Soyabean,4.50,Metric Tonnes,08-05-2025
Maharashtra,Latur,Latur(Murud) APMC,Oil Seeds,Soyabean,6.30,Metric Tonnes,07-05-2025
Maharashtra,Latur,Latur(Murud) APMC,Oil Seeds,Soyabean,6.60,Metric Tonnes,06-05-2025
Maharashtra,Latur,Latur(Murud) APMC,Oil Seeds,Soyabean,5.00,Metric Tonnes,05-05-2025
Maharashtra,Latur,Latur(Murud) APMC,Oil Seeds,Soyabean,7.10,Metric Tonnes,03-05-2025
Maharashtra,Latur,Latur(Murud) APMC,Oil Seeds,Soyabean,8.20,Metric Tonnes,02-05-2025
Maharashtra,Latur,Latur(Murud) APMC,Oil Seeds,Soyabean,5.00,Metric Tonnes,28-04-2025
Maharashtra,Latur,Latur(Murud) APMC,Oil Seeds,Soyabean,5.20,Metric Tonnes,23-04-2025
Maharashtra,Latur,Latur(Murud) APMC,Oil Seeds,Soyabean,5.60,Metric Tonnes,22-04-2025
Maharashtra,Latur,Latur(Murud) APMC,Oil Seeds,Soyabean,9.90,Metric Tonnes,19-04-2025
Maharashtra,Latur,Latur(Murud) APMC,Oil Seeds,Soyabean,19.20,Metric Tonnes,18-04-2025
Maharashtra,Latur,Latur(Murud) APMC,Oil Seeds,Soyabean,17.10,Metric Tonnes,17-04-2025
Maharashtra,Latur,Latur(Murud) APMC,Oil Seeds,Soyabean,10.00,Metric Tonnes,16-04-2025
Maharashtra,Latur,Latur(Murud) APMC,Oil Seeds,Soyabean,30.40,Metric Tonnes,15-04-2025
Maharashtra,Latur,Latur(Murud) APMC,Oil Seeds,Soyabean,11.50,Metric Tonnes,11-04-2025
Maharashtra,Latur,Latur(Murud) APMC,Oil Seeds,Soyabean,3.50,Metric Tonnes,10-04-2025
Maharashtra,Latur,Latur(Murud) APMC,Oil Seeds,Soyabean,20.80,Metric Tonnes,09-04-2025
Maharashtra,Latur,Latur(Murud) APMC,Oil Seeds,Soyabean,3.40,Metric Tonnes,08-04-2025
Maharashtra,Latur,Latur(Murud) APMC,Oil Seeds,Soyabean,10.90,Metric Tonnes,07-04-2025
Maharashtra,Latur,Latur(Murud) APMC,Oil Seeds,Soyabean,18.70,Metric Tonnes,05-04-2025
Maharashtra,Latur,Latur(Murud) APMC,Oil Seeds,Soyabean,15.60,Metric Tonnes,04-04-2025
Maharashtra,Latur,Latur(Murud) APMC,Oil Seeds,Soyabean,15.50,Metric Tonnes,03-04-2025
Maharashtra,Latur,Latur(Murud) APMC,Oil Seeds,Soyabean,1.70,Metric Tonnes,02-04-2025
Maharashtra,Latur,Latur(Murud) APMC,Oil Seeds,Soyabean,12.00,Metric Tonnes,01-04-2025
Maharashtra,Latur,Latur(Murud) APMC,Oil Seeds,Soyabean,5.00,Metric Tonnes,28-03-2025
Maharashtra,Latur,Latur(Murud) APMC,Oil Seeds,Soyabean,5.10,Metric Tonnes,27-03-2025
Maharashtra,Latur,Latur(Murud) APMC,Oil Seeds,Soyabean,10.10,Metric Tonnes,26-03-2025
Maharashtra,Latur,Latur(Murud) APMC,Oil Seeds,Soyabean,13.60,Metric Tonnes,24-03-2025
Maharashtra,Latur,Latur(Murud) APMC,Oil Seeds,Soyabean,9.70,Metric Tonnes,22-03-2025
Maharashtra,Latur,Latur(Murud) APMC,Oil Seeds,Soyabean,19.90,Metric Tonnes,21-03-2025
Maharashtra,Latur,Latur(Murud) APMC,Oil Seeds,Soyabean,15.00,Metric Tonnes,20-03-2025
Maharashtra,Latur,Latur(Murud) APMC,Oil Seeds,Soyabean,6.70,Metric Tonnes,18-03-2025
Maharashtra,Latur,Latur(Murud) APMC,Oil Seeds,Soyabean,16.20,Metric Tonnes,17-03-2025
Maharashtra,Latur,Latur(Murud) APMC,Oil Seeds,Soyabean,10.40,Metric Tonnes,15-03-2025
Maharashtra,Latur,Latur(Murud) APMC,Oil Seeds,Soyabean,6.80,Metric Tonnes,13-03-2025
Maharashtra,Latur,Latur(Murud) APMC,Oil Seeds,Soyabean,6.70,Metric Tonnes,12-03-2025
Maharashtra,Latur,Latur(Murud) APMC,Oil Seeds,Soyabean,5.50,Metric Tonnes,11-03-2025
Maharashtra,Latur,Latur(Murud) APMC,Oil Seeds,Soyabean,11.20,Metric Tonnes,10-03-2025
Maharashtra,Latur,Latur(Murud) APMC,Oil Seeds,Soyabean,7.20,Metric Tonnes,08-03-2025
Maharashtra,Latur,Latur(Murud) APMC,Oil Seeds,Soyabean,7.00,Metric Tonnes,07-03-2025
Maharashtra,Latur,Latur(Murud) APMC,Oil Seeds,Soyabean,13.20,Metric Tonnes,05-03-2025
Maharashtra,Latur,Latur(Murud) APMC,Oil Seeds,Soyabean,11.30,Metric Tonnes,04-03-2025
Maharashtra,Latur,Latur(Murud) APMC,Oil Seeds,Soyabean,25.70,Metric Tonnes,03-03-2025
Maharashtra,Latur,Latur(Murud) APMC,Oil Seeds,Soyabean,11.40,Metric Tonnes,01-03-2025
Maharashtra,Latur,Latur(Murud) APMC,Oil Seeds,Soyabean,10.70,Metric Tonnes,28-02-2025
Maharashtra,Latur,Latur(Murud) APMC,Oil Seeds,Soyabean,12.90,Metric Tonnes,25-02-2025
Maharashtra,Latur,Latur(Murud) APMC,Oil Seeds,Soyabean,16.90,Metric Tonnes,24-02-2025
Maharashtra,Latur,Latur(Murud) APMC,Oil Seeds,Soyabean,25.90,Metric Tonnes,22-02-2025
Maharashtra,Latur,Latur(Murud) APMC,Oil Seeds,Soyabean,11.50,Metric Tonnes,21-02-2025
Maharashtra,Latur,Latur(Murud) APMC,Oil Seeds,Soyabean,16.00,Metric Tonnes,20-02-2025
Maharashtra,Latur,Latur(Murud) APMC,Oil Seeds,Soyabean,17.00,Metric Tonnes,15-02-2025
Maharashtra,Latur,Latur(Murud) APMC,Oil Seeds,Soyabean,5.50,Metric Tonnes,14-02-2025
Maharashtra,Latur,Latur(Murud) APMC,Oil Seeds,Soyabean,10.50,Metric Tonnes,13-02-2025
Maharashtra,Latur,Latur(Murud) APMC,Oil Seeds,Soyabean,32.40,Metric Tonnes,08-02-2025
Maharashtra,Latur,Latur(Murud) APMC,Oil Seeds,Soyabean,38.30,Metric Tonnes,07-02-2025
Maharashtra,Latur,Latur(Murud) APMC,Oil Seeds,Soyabean,39.90,Metric Tonnes,06-02-2025
Maharashtra,Latur,Latur(Murud) APMC,Oil Seeds,Soyabean,13.60,Metric Tonnes,05-02-2025
Maharashtra,Latur,Latur(Murud) APMC,Oil Seeds,Soyabean,9.00,Metric Tonnes,04-02-2025
Maharashtra,Latur,Latur(Murud) APMC,Oil Seeds,Soyabean,14.70,Metric Tonnes,01-02-2025
Maharashtra,Latur,Latur(Murud) APMC,Oil Seeds,Soyabean,14.30,Metric Tonnes,31-01-2025
Maharashtra,Latur,Latur(Murud) APMC,Oil Seeds,Soyabean,14.30,Metric Tonnes,30-01-2025
Maharashtra,Latur,Latur(Murud) APMC,Oil Seeds,Soyabean,18.00,Metric Tonnes,28-01-2025
Maharashtra,Latur,Latur(Murud) APMC,Oil Seeds,Soyabean,3.80,Metric Tonnes,25-01-2025
Maharashtra,Latur,Latur(Murud) APMC,Oil Seeds,Soyabean,1.10,Metric Tonnes,24-01-2025
Maharashtra,Latur,Latur(Murud) APMC,Oil Seeds,Soyabean,10.30,Metric Tonnes,23-01-2025
Maharashtra,Latur,Latur(Murud) APMC,Oil Seeds,Soyabean,10.20,Metric Tonnes,22-01-2025
Maharashtra,Latur,Latur(Murud) APMC,Oil Seeds,Soyabean,19.20,Metric Tonnes,21-01-2025
Maharashtra,Latur,Latur(Murud) APMC,Oil Seeds,Soyabean,5.70,Metric Tonnes,20-01-2025
Maharashtra,Latur,Latur(Murud) APMC,Oil Seeds,Soyabean,22.80,Metric Tonnes,17-01-2025
Maharashtra,Latur,Latur(Murud) APMC,Oil Seeds,Soyabean,29.30,Metric Tonnes,16-01-2025
Maharashtra,Latur,Latur(Murud) APMC,Oil Seeds,Soyabean,33.40,Metric Tonnes,15-01-2025
Maharashtra,Latur,Latur(Murud) APMC,Oil Seeds,Soyabean,1.10,Metric Tonnes,13-01-2025
Maharashtra,Latur,Latur(Murud) APMC,Oil Seeds,Soyabean,25.00,Metric Tonnes,11-01-2025
Maharashtra,Latur,Latur(Murud) APMC,Oil Seeds,Soyabean,5.70,Metric Tonnes,10-01-2025
Maharashtra,Latur,Latur(Murud) APMC,Oil Seeds,Soyabean,19.90,Metric Tonnes,08-01-2025
Maharashtra,Latur,Latur(Murud) APMC,Oil Seeds,Soyabean,17.00,Metric Tonnes,07-01-2025
Maharashtra,Latur,Latur(Murud) APMC,Oil Seeds,Soyabean,5.40,Metric Tonnes,06-01-2025
Maharashtra,Latur,Latur(Murud) APMC,Oil Seeds,Soyabean,24.80,Metric Tonnes,04-01-2025
Maharashtra,Latur,Latur(Murud) APMC,Oil Seeds,Soyabean,12.80,Metric Tonnes,03-01-2025
Maharashtra,Latur,Latur(Murud) APMC,Oil Seeds,Soyabean,12.00,Metric Tonnes,02-01-2025
Maharashtra,Latur,Latur(Murud) APMC,Oil Seeds,Soyabean,6.80,Metric Tonnes,01-01-2025
Maharashtra,Nanded,Bhokar APMC,Oil Seeds,Soyabean,9.20,Metric Tonnes,30-12-2025
Maharashtra,Nanded,Bhokar APMC,Oil Seeds,Soyabean,15.90,Metric Tonnes,29-12-2025
Maharashtra,Nanded,Bhokar APMC,Oil Seeds,Soyabean,9.10,Metric Tonnes,27-12-2025
Maharashtra,Nanded,Bhokar APMC,Oil Seeds,Soyabean,4.10,Metric Tonnes,26-12-2025
Maharashtra,Nanded,Bhokar APMC,Oil Seeds,Soyabean,5.00,Metric Tonnes,25-12-2025
Maharashtra,Nanded,Bhokar APMC,Oil Seeds,Soyabean,7.20,Metric Tonnes,24-12-2025
Maharashtra,Nanded,Bhokar APMC,Oil Seeds,Soyabean,12.60,Metric Tonnes,23-12-2025
Maharashtra,Nanded,Bhokar APMC,Oil Seeds,Soyabean,5.90,Metric Tonnes,22-12-2025
Maharashtra,Nanded,Bhokar APMC,Oil Seeds,Soyabean,7.10,Metric Tonnes,20-12-2025
Maharashtra,Nanded,Bhokar APMC,Oil Seeds,Soyabean,6.30,Metric Tonnes,19-12-2025
Maharashtra,Nanded,Bhokar APMC,Oil Seeds,Soyabean,24.10,Metric Tonnes,10-12-2025
Maharashtra,Nanded,Bhokar APMC,Oil Seeds,Soyabean,12.60,Metric Tonnes,09-12-2025
Maharashtra,Nanded,Bhokar APMC,Oil Seeds,Soyabean,17.80,Metric Tonnes,08-12-2025
Maharashtra,Nanded,Bhokar APMC,Oil Seeds,Soyabean,9.80,Metric Tonnes,06-12-2025
Maharashtra,Nanded,Bhokar APMC,Oil Seeds,Soyabean,9.20,Metric Tonnes,05-12-2025
Maharashtra,Nanded,Bhokar APMC,Oil Seeds,Soyabean,20.90,Metric Tonnes,21-11-2025
Maharashtra,Nanded,Bhokar APMC,Oil Seeds,Soyabean,3.20,Metric Tonnes,20-11-2025
Maharashtra,Nanded,Bhokar APMC,Oil Seeds,Soyabean,11.40,Metric Tonnes,19-11-2025
Maharashtra,Nanded,Bhokar APMC,Oil Seeds,Soyabean,12.80,Metric Tonnes,18-11-2025
Maharashtra,Nanded,Bhokar APMC,Oil Seeds,Soyabean,4.50,Metric Tonnes,15-11-2025
Maharashtra,Nanded,Bhokar APMC,Oil Seeds,Soyabean,6.60,Metric Tonnes,11-11-2025
Maharashtra,Nanded,Bhokar APMC,Oil Seeds,Soyabean,10.30,Metric Tonnes,08-11-2025
Maharashtra,Nanded,Bhokar APMC,Oil Seeds,Soyabean,19.80,Metric Tonnes,07-11-2025
Maharashtra,Nanded,Bhokar APMC,Oil Seeds,Soyabean,8.10,Metric Tonnes,06-11-2025
Maharashtra,Nanded,Bhokar APMC,Oil Seeds,Soyabean,11.80,Metric Tonnes,05-11-2025
Maharashtra,Nanded,Bhokar APMC,Oil Seeds,Soyabean,13.30,Metric Tonnes,04-11-2025
Maharashtra,Nanded,Bhokar APMC,Oil Seeds,Soyabean,12.80,Metric Tonnes,03-11-2025
Maharashtra,Nanded,Bhokar APMC,Oil Seeds,Soyabean,6.30,Metric Tonnes,20-10-2025
Maharashtra,Nanded,Bhokar APMC,Oil Seeds,Soyabean,3.90,Metric Tonnes,18-10-2025
Maharashtra,Nanded,Bhokar APMC,Oil Seeds,Soyabean,4.30,Metric Tonnes,09-10-2025
Maharashtra,Nanded,Bhokar APMC,Oil Seeds,Soyabean,4.40,Metric Tonnes,08-10-2025
Maharashtra,Nanded,Bhokar APMC,Oil Seeds,Soyabean,7.60,Metric Tonnes,07-10-2025
Maharashtra,Nanded,Bhokar APMC,Oil Seeds,Soyabean,8.30,Metric Tonnes,03-10-2025
Maharashtra,Nanded,Bhokar APMC,Oil Seeds,Soyabean,1.20,Metric Tonnes,01-10-2025
Maharashtra,Nanded,Bhokar APMC,Oil Seeds,Soyabean,0.50,Metric Tonnes,27-09-2025
Maharashtra,Nanded,Bhokar APMC,Oil Seeds,Soyabean,1.90,Metric Tonnes,22-09-2025
Maharashtra,Nanded,Bhokar APMC,Oil Seeds,Soyabean,1.10,Metric Tonnes,19-09-2025
Maharashtra,Nanded,Bhokar APMC,Oil Seeds,Soyabean,0.60,Metric Tonnes,20-08-2025
Maharashtra,Nanded,Bhokar APMC,Oil Seeds,Soyabean,0.10,Metric Tonnes,19-08-2025
Maharashtra,Nanded,Bhokar APMC,Oil Seeds,Soyabean,3.00,Metric Tonnes,12-08-2025
Maharashtra,Nanded,Bhokar APMC,Oil Seeds,Soyabean,0.60,Metric Tonnes,02-08-2025
Maharashtra,Nanded,Bhokar APMC,Oil Seeds,Soyabean,0.10,Metric Tonnes,01-08-2025
Maharashtra,Nanded,Bhokar APMC,Oil Seeds,Soyabean,1.00,Metric Tonnes,28-07-2025
Maharashtra,Nanded,Bhokar APMC,Oil Seeds,Soyabean,0.50,Metric Tonnes,25-07-2025
Maharashtra,Nanded,Bhokar APMC,Oil Seeds,Soyabean,0.10,Metric Tonnes,19-07-2025
Maharashtra,Nanded,Bhokar APMC,Oil Seeds,Soyabean,0.50,Metric Tonnes,18-07-2025
Maharashtra,Nanded,Bhokar APMC,Oil Seeds,Soyabean,0.40,Metric Tonnes,11-07-2025
Maharashtra,Nanded,Bhokar APMC,Oil Seeds,Soyabean,0.40,Metric Tonnes,09-07-2025
Maharashtra,Nanded,Bhokar APMC,Oil Seeds,Soyabean,0.60,Metric Tonnes,08-07-2025
Maharashtra,Nanded,Bhokar APMC,Oil Seeds,Soyabean,0.10,Metric Tonnes,07-07-2025
Maharashtra,Nanded,Bhokar APMC,Oil Seeds,Soyabean,0.40,Metric Tonnes,05-07-2025
Maharashtra,Nanded,Bhokar APMC,Oil Seeds,Soyabean,0.50,Metric Tonnes,02-07-2025
Maharashtra,Nanded,Bhokar APMC,Oil Seeds,Soyabean,0.10,Metric Tonnes,30-06-2025
Maharashtra,Nanded,Bhokar APMC,Oil Seeds,Soyabean,0.30,Metric Tonnes,28-06-2025
Maharashtra,Nanded,Bhokar APMC,Oil Seeds,Soyabean,2.40,Metric Tonnes,23-06-2025
Maharashtra,Nanded,Bhokar APMC,Oil Seeds,Soyabean,0.10,Metric Tonnes,21-06-2025
Maharashtra,Nanded,Bhokar APMC,Oil Seeds,Soyabean,1.70,Metric Tonnes,04-06-2025
Maharashtra,Nanded,Bhokar APMC,Oil Seeds,Soyabean,2.30,Metric Tonnes,03-06-2025
Maharashtra,Nanded,Bhokar APMC,Oil Seeds,Soyabean,0.60,Metric Tonnes,31-05-2025
Maharashtra,Nanded,Bhokar APMC,Oil Seeds,Soyabean,12.40,Metric Tonnes,30-05-2025
Maharashtra,Nanded,Bhokar APMC,Oil Seeds,Soyabean,1.30,Metric Tonnes,29-05-2025
Maharashtra,Nanded,Bhokar APMC,Oil Seeds,Soyabean,0.80,Metric Tonnes,27-05-2025
Maharashtra,Nanded,Bhokar APMC,Oil Seeds,Soyabean,3.50,Metric Tonnes,26-05-2025
Maharashtra,Nanded,Bhokar APMC,Oil Seeds,Soyabean,0.70,Metric Tonnes,21-05-2025
Maharashtra,Nanded,Bhokar APMC,Oil Seeds,Soyabean,4.10,Metric Tonnes,19-05-2025
Maharashtra,Nanded,Bhokar APMC,Oil Seeds,Soyabean,0.70,Metric Tonnes,16-05-2025
Maharashtra,Nanded,Bhokar APMC,Oil Seeds,Soyabean,0.30,Metric Tonnes,10-05-2025
Maharashtra,Nanded,Bhokar APMC,Oil Seeds,Soyabean,1.30,Metric Tonnes,06-05-2025
Maharashtra,Nanded,Bhokar APMC,Oil Seeds,Soyabean,1.20,Metric Tonnes,05-05-2025
Maharashtra,Nanded,Bhokar APMC,Oil Seeds,Soyabean,1.70,Metric Tonnes,02-05-2025
Maharashtra,Nanded,Bhokar APMC,Oil Seeds,Soyabean,1.10,Metric Tonnes,30-04-2025
Maharashtra,Nanded,Bhokar APMC,Oil Seeds,Soyabean,0.20,Metric Tonnes,29-04-2025
Maharashtra,Nanded,Bhokar APMC,Oil Seeds,Soyabean,0.30,Metric Tonnes,25-04-2025
Maharashtra,Nanded,Bhokar APMC,Oil Seeds,Soyabean,2.50,Metric Tonnes,23-04-2025
Maharashtra,Nanded,Bhokar APMC,Oil Seeds,Soyabean,6.00,Metric Tonnes,22-04-2025
Maharashtra,Nanded,Bhokar APMC,Oil Seeds,Soyabean,2.10,Metric Tonnes,21-04-2025
Maharashtra,Nanded,Bhokar APMC,Oil Seeds,Soyabean,1.30,Metric Tonnes,19-04-2025
Maharashtra,Nanded,Bhokar APMC,Oil Seeds,Soyabean,2.40,Metric Tonnes,18-04-2025
Maharashtra,Nanded,Bhokar APMC,Oil Seeds,Soyabean,6.10,Metric Tonnes,16-04-2025
Maharashtra,Nanded,Bhokar APMC,Oil Seeds,Soyabean,3.60,Metric Tonnes,15-04-2025
Maharashtra,Nanded,Bhokar APMC,Oil Seeds,Soyabean,1.80,Metric Tonnes,14-04-2025
Maharashtra,Nanded,Bhokar APMC,Oil Seeds,Soyabean,1.30,Metric Tonnes,11-04-2025
Maharashtra,Nanded,Bhokar APMC,Oil Seeds,Soyabean,0.60,Metric Tonnes,08-04-2025
Maharashtra,Nanded,Bhokar APMC,Oil Seeds,Soyabean,1.50,Metric Tonnes,05-04-2025
Maharashtra,Nanded,Bhokar APMC,Oil Seeds,Soyabean,2.10,Metric Tonnes,04-04-2025
Maharashtra,Nanded,Bhokar APMC,Oil Seeds,Soyabean,1.00,Metric Tonnes,01-04-2025
Maharashtra,Nanded,Bhokar APMC,Oil Seeds,Soyabean,0.70,Metric Tonnes,28-03-2025
Maharashtra,Nanded,Bhokar APMC,Oil Seeds,Soyabean,0.30,Metric Tonnes,27-03-2025
Maharashtra,Nanded,Bhokar APMC,Oil Seeds,Soyabean,0.40,Metric Tonnes,26-03-2025
Maharashtra,Nanded,Bhokar APMC,Oil Seeds,Soyabean,1.10,Metric Tonnes,24-03-2025
Maharashtra,Nanded,Bhokar APMC,Oil Seeds,Soyabean,0.60,Metric Tonnes,22-03-2025
Maharashtra,Nanded,Bhokar APMC,Oil Seeds,Soyabean,0.30,Metric Tonnes,19-03-2025
Maharashtra,Nanded,Bhokar APMC,Oil Seeds,Soyabean,1.70,Metric Tonnes,18-03-2025
Maharashtra,Nanded,Bhokar APMC,Oil Seeds,Soyabean,3.90,Metric Tonnes,17-03-2025
Maharashtra,Nanded,Bhokar APMC,Oil Seeds,Soyabean,1.00,Metric Tonnes,15-03-2025
Maharashtra,Nanded,Bhokar APMC,Oil Seeds,Soyabean,1.50,Metric Tonnes,12-03-2025
Maharashtra,Nanded,Bhokar APMC,Oil Seeds,Soyabean,0.70,Metric Tonnes,11-03-2025
Maharashtra,Nanded,Bhokar APMC,Oil Seeds,Soyabean,4.30,Metric Tonnes,07-03-2025
Maharashtra,Nanded,Bhokar APMC,Oil Seeds,Soyabean,5.00,Metric Tonnes,05-03-2025
Maharashtra,Nanded,Bhokar APMC,Oil Seeds,Soyabean,7.50,Metric Tonnes,03-03-2025
Maharashtra,Nanded,Bhokar APMC,Oil Seeds,Soyabean,1.30,Metric Tonnes,24-02-2025
Maharashtra,Nanded,Bhokar APMC,Oil Seeds,Soyabean,2.50,Metric Tonnes,22-02-2025
Maharashtra,Nanded,Bhokar APMC,Oil Seeds,Soyabean,6.00,Metric Tonnes,21-02-2025
Maharashtra,Nanded,Bhokar APMC,Oil Seeds,Soyabean,3.70,Metric Tonnes,15-02-2025
Maharashtra,Nanded,Bhokar APMC,Oil Seeds,Soyabean,1.60,Metric Tonnes,14-02-2025
Maharashtra,Nanded,Bhokar APMC,Oil Seeds,Soyabean,4.80,Metric Tonnes,07-02-2025
Maharashtra,Nanded,Bhokar APMC,Oil Seeds,Soyabean,1.60,Metric Tonnes,06-02-2025
Maharashtra,Nanded,Bhokar APMC,Oil Seeds,Soyabean,5.90,Metric Tonnes,05-02-2025
Maharashtra,Nanded,Bhokar APMC,Oil Seeds,Soyabean,2.20,Metric Tonnes,04-02-2025
Maharashtra,Nanded,Bhokar APMC,Oil Seeds,Soyabean,4.50,Metric Tonnes,03-02-2025
Maharashtra,Nanded,Bhokar APMC,Oil Seeds,Soyabean,4.50,Metric Tonnes,01-02-2025
Maharashtra,Nanded,Bhokar APMC,Oil Seeds,Soyabean,2.40,Metric Tonnes,31-01-2025
Maharashtra,Nanded,Bhokar APMC,Oil Seeds,Soyabean,3.70,Metric Tonnes,30-01-2025
Maharashtra,Nanded,Bhokar APMC,Oil Seeds,Soyabean,1.60,Metric Tonnes,29-01-2025
Maharashtra,Nanded,Bhokar APMC,Oil Seeds,Soyabean,4.70,Metric Tonnes,28-01-2025
Maharashtra,Nanded,Bhokar APMC,Oil Seeds,Soyabean,8.40,Metric Tonnes,27-01-2025
Maharashtra,Nanded,Bhokar APMC,Oil Seeds,Soyabean,4.70,Metric Tonnes,25-01-2025
Maharashtra,Nanded,Bhokar APMC,Oil Seeds,Soyabean,1.40,Metric Tonnes,23-01-2025
Maharashtra,Nanded,Bhokar APMC,Oil Seeds,Soyabean,3.80,Metric Tonnes,21-01-2025
Maharashtra,Nanded,Bhokar APMC,Oil Seeds,Soyabean,3.60,Metric Tonnes,20-01-2025
Maharashtra,Nanded,Bhokar APMC,Oil Seeds,Soyabean,2.80,Metric Tonnes,18-01-2025
Maharashtra,Nanded,Bhokar APMC,Oil Seeds,Soyabean,2.80,Metric Tonnes,17-01-2025
Maharashtra,Nanded,Bhokar APMC,Oil Seeds,Soyabean,3.90,Metric Tonnes,15-01-2025
Maharashtra,Nanded,Bhokar APMC,Oil Seeds,Soyabean,1.10,Metric Tonnes,13-01-2025
Maharashtra,Nanded,Bhokar APMC,Oil Seeds,Soyabean,4.90,Metric Tonnes,11-01-2025
Maharashtra,Nanded,Bhokar APMC,Oil Seeds,Soyabean,0.80,Metric Tonnes,10-01-2025
Maharashtra,Nanded,Bhokar APMC,Oil Seeds,Soyabean,4.50,Metric Tonnes,08-01-2025
Maharashtra,Nanded,Bhokar APMC,Oil Seeds,Soyabean,2.40,Metric Tonnes,07-01-2025
Maharashtra,Nanded,Bhokar APMC,Oil Seeds,Soyabean,4.00,Metric Tonnes,06-01-2025
Maharashtra,Nanded,Bhokar APMC,Oil Seeds,Soyabean,7.20,Metric Tonnes,04-01-2025
Maharashtra,Nanded,Bhokar APMC,Oil Seeds,Soyabean,2.60,Metric Tonnes,03-01-2025
Maharashtra,Nanded,Bhokar APMC,Oil Seeds,Soyabean,3.70,Metric Tonnes,01-01-2025
Maharashtra,Nanded,Hadgaon APMC,Oil Seeds,Soyabean,3.00,Metric Tonnes,30-12-2025
Maharashtra,Nanded,Hadgaon APMC,Oil Seeds,Soyabean,2.50,Metric Tonnes,23-12-2025
Maharashtra,Nanded,Hadgaon APMC,Oil Seeds,Soyabean,5.00,Metric Tonnes,22-12-2025
Maharashtra,Nanded,Hadgaon APMC,Oil Seeds,Soyabean,3.00,Metric Tonnes,19-12-2025
Maharashtra,Nanded,Hadgaon APMC,Oil Seeds,Soyabean,4.00,Metric Tonnes,17-12-2025
Maharashtra,Nanded,Hadgaon APMC,Oil Seeds,Soyabean,2.50,Metric Tonnes,16-12-2025
Maharashtra,Nanded,Hadgaon APMC,Oil Seeds,Soyabean,2.50,Metric Tonnes,10-12-2025
Maharashtra,Nanded,Hadgaon APMC,Oil Seeds,Soyabean,3.00,Metric Tonnes,09-12-2025
Maharashtra,Nanded,Hadgaon APMC,Oil Seeds,Soyabean,4.00,Metric Tonnes,05-12-2025
Maharashtra,Nanded,Hadgaon APMC,Oil Seeds,Soyabean,5.00,Metric Tonnes,04-12-2025
Maharashtra,Nanded,Hadgaon APMC,Oil Seeds,Soyabean,5.00,Metric Tonnes,27-11-2025
Maharashtra,Nanded,Hadgaon APMC,Oil Seeds,Soyabean,5.00,Metric Tonnes,25-11-2025
Maharashtra,Nanded,Hadgaon APMC,Oil Seeds,Soyabean,5.00,Metric Tonnes,24-11-2025
Maharashtra,Nanded,Hadgaon APMC,Oil Seeds,Soyabean,5.00,Metric Tonnes,20-11-2025
Maharashtra,Nanded,Hadgaon APMC,Oil Seeds,Soyabean,20.00,Metric Tonnes,16-11-2025
Maharashtra,Nanded,Hadgaon APMC,Oil Seeds,Soyabean,15.00,Metric Tonnes,08-11-2025
Maharashtra,Nanded,Hadgaon APMC,Oil Seeds,Soyabean,20.00,Metric Tonnes,07-11-2025
Maharashtra,Nanded,Hadgaon APMC,Oil Seeds,Soyabean,40.00,Metric Tonnes,06-11-2025
Maharashtra,Nanded,Hadgaon(Tamsa) APMC,Oil Seeds,Soyabean,5.00,Metric Tonnes,25-11-2025
Maharashtra,Nanded,Hadgaon(Tamsa) APMC,Oil Seeds,Soyabean,5.00,Metric Tonnes,24-11-2025
Maharashtra,Nanded,Hadgaon(Tamsa) APMC,Oil Seeds,Soyabean,30.00,Metric Tonnes,08-11-2025
Maharashtra,Nanded,Hadgaon(Tamsa) APMC,Oil Seeds,Soyabean,30.00,Metric Tonnes,07-11-2025
Maharashtra,Nanded,Hadgaon(Tamsa) APMC,Oil Seeds,Soyabean,40.00,Metric Tonnes,06-11-2025
Maharashtra,Parbhani,Parbhani APMC,Oil Seeds,Soyabean,17.50,Metric Tonnes,31-12-2025
Maharashtra,Parbhani,Parbhani APMC,Oil Seeds,Soyabean,11.70,Metric Tonnes,28-12-2025
Maharashtra,Parbhani,Parbhani APMC,Oil Seeds,Soyabean,21.60,Metric Tonnes,26-12-2025
Maharashtra,Parbhani,Parbhani APMC,Oil Seeds,Soyabean,16.50,Metric Tonnes,12-12-2025
Maharashtra,Parbhani,Parbhani APMC,Oil Seeds,Soyabean,20.00,Metric Tonnes,20-11-2025
Maharashtra,Parbhani,Parbhani APMC,Oil Seeds,Soyabean,52.50,Metric Tonnes,05-11-2025
Maharashtra,Parbhani,Parbhani APMC,Oil Seeds,Soyabean,53.00,Metric Tonnes,03-11-2025
Maharashtra,Parbhani,Parbhani APMC,Oil Seeds,Soyabean,95.60,Metric Tonnes,23-10-2025
Maharashtra,Parbhani,Parbhani APMC,Oil Seeds,Soyabean,62.50,Metric Tonnes,21-10-2025
Maharashtra,Parbhani,Parbhani APMC,Oil Seeds,Soyabean,11.50,Metric Tonnes,11-10-2025
Maharashtra,Parbhani,Parbhani APMC,Oil Seeds,Soyabean,13.00,Metric Tonnes,10-10-2025
Maharashtra,Parbhani,Parbhani APMC,Oil Seeds,Soyabean,15.00,Metric Tonnes,08-10-2025
Maharashtra,Parbhani,Parbhani APMC,Oil Seeds,Soyabean,9.00,Metric Tonnes,30-09-2025
Maharashtra,Parbhani,Parbhani APMC,Oil Seeds,Soyabean,8.50,Metric Tonnes,29-09-2025
Maharashtra,Parbhani,Parbhani APMC,Oil Seeds,Soyabean,5.30,Metric Tonnes,26-09-2025
Maharashtra,Parbhani,Parbhani APMC,Oil Seeds,Soyabean,12.00,Metric Tonnes,25-09-2025
Maharashtra,Parbhani,Parbhani APMC,Oil Seeds,Soyabean,11.60,Metric Tonnes,24-09-2025
Maharashtra,Parbhani,Parbhani APMC,Oil Seeds,Soyabean,10.00,Metric Tonnes,21-09-2025
Maharashtra,Parbhani,Parbhani APMC,Oil Seeds,Soyabean,9.50,Metric Tonnes,19-09-2025
Maharashtra,Parbhani,Parbhani APMC,Oil Seeds,Soyabean,4.10,Metric Tonnes,16-09-2025
Maharashtra,Parbhani,Parbhani APMC,Oil Seeds,Soyabean,9.50,Metric Tonnes,12-09-2025
Maharashtra,Parbhani,Parbhani APMC,Oil Seeds,Soyabean,7.00,Metric Tonnes,09-09-2025
Maharashtra,Parbhani,Parbhani APMC,Oil Seeds,Soyabean,7.00,Metric Tonnes,07-09-2025
Maharashtra,Parbhani,Parbhani APMC,Oil Seeds,Soyabean,6.80,Metric Tonnes,04-09-2025
Maharashtra,Parbhani,Parbhani APMC,Oil Seeds,Soyabean,10.50,Metric Tonnes,29-08-2025
Maharashtra,Parbhani,Parbhani APMC,Oil Seeds,Soyabean,10.50,Metric Tonnes,26-08-2025
Maharashtra,Parbhani,Parbhani APMC,Oil Seeds,Soyabean,10.50,Metric Tonnes,25-08-2025
Maharashtra,Parbhani,Parbhani APMC,Oil Seeds,Soyabean,10.10,Metric Tonnes,23-08-2025
Maharashtra,Parbhani,Parbhani APMC,Oil Seeds,Soyabean,9.50,Metric Tonnes,14-08-2025
Maharashtra,Parbhani,Parbhani APMC,Oil Seeds,Soyabean,8.50,Metric Tonnes,13-08-2025
Maharashtra,Parbhani,Parbhani APMC,Oil Seeds,Soyabean,15.00,Metric Tonnes,12-08-2025
Maharashtra,Parbhani,Parbhani APMC,Oil Seeds,Soyabean,15.00,Metric Tonnes,11-08-2025
Maharashtra,Parbhani,Parbhani APMC,Oil Seeds,Soyabean,13.50,Metric Tonnes,09-08-2025
Maharashtra,Parbhani,Parbhani APMC,Oil Seeds,Soyabean,8.50,Metric Tonnes,04-08-2025
Maharashtra,Parbhani,Parbhani APMC,Oil Seeds,Soyabean,7.50,Metric Tonnes,02-08-2025
Maharashtra,Parbhani,Parbhani APMC,Oil Seeds,Soyabean,11.50,Metric Tonnes,01-08-2025
Maharashtra,Parbhani,Parbhani APMC,Oil Seeds,Soyabean,9.00,Metric Tonnes,30-07-2025
Maharashtra,Parbhani,Parbhani APMC,Oil Seeds,Soyabean,8.30,Metric Tonnes,24-07-2025
Maharashtra,Parbhani,Parbhani APMC,Oil Seeds,Soyabean,7.50,Metric Tonnes,23-07-2025
Maharashtra,Parbhani,Parbhani APMC,Oil Seeds,Soyabean,8.00,Metric Tonnes,22-07-2025
Maharashtra,Parbhani,Parbhani APMC,Oil Seeds,Soyabean,9.00,Metric Tonnes,21-07-2025
Maharashtra,Parbhani,Parbhani APMC,Oil Seeds,Soyabean,2.70,Metric Tonnes,18-07-2025
Maharashtra,Parbhani,Parbhani APMC,Oil Seeds,Soyabean,8.50,Metric Tonnes,15-07-2025
Maharashtra,Parbhani,Parbhani APMC,Oil Seeds,Soyabean,12.50,Metric Tonnes,11-07-2025
Maharashtra,Parbhani,Parbhani APMC,Oil Seeds,Soyabean,13.00,Metric Tonnes,08-07-2025
Maharashtra,Parbhani,Parbhani APMC,Oil Seeds,Soyabean,25.00,Metric Tonnes,04-07-2025
Maharashtra,Parbhani,Parbhani APMC,Oil Seeds,Soyabean,12.20,Metric Tonnes,03-07-2025
Maharashtra,Parbhani,Parbhani APMC,Oil Seeds,Soyabean,13.50,Metric Tonnes,28-06-2025
Maharashtra,Parbhani,Parbhani APMC,Oil Seeds,Soyabean,8.50,Metric Tonnes,27-06-2025
Maharashtra,Parbhani,Parbhani APMC,Oil Seeds,Soyabean,18.00,Metric Tonnes,21-06-2025
Maharashtra,Parbhani,Parbhani APMC,Oil Seeds,Soyabean,16.60,Metric Tonnes,20-06-2025
Maharashtra,Parbhani,Parbhani APMC,Oil Seeds,Soyabean,11.50,Metric Tonnes,19-06-2025
Maharashtra,Parbhani,Parbhani APMC,Oil Seeds,Soyabean,11.50,Metric Tonnes,18-06-2025
Maharashtra,Parbhani,Parbhani APMC,Oil Seeds,Soyabean,12.50,Metric Tonnes,17-06-2025
Maharashtra,Parbhani,Parbhani APMC,Oil Seeds,Soyabean,14.50,Metric Tonnes,16-06-2025
Maharashtra,Parbhani,Parbhani APMC,Oil Seeds,Soyabean,20.00,Metric Tonnes,14-06-2025
Maharashtra,Parbhani,Parbhani APMC,Oil Seeds,Soyabean,10.70,Metric Tonnes,13-06-2025
Maharashtra,Parbhani,Parbhani APMC,Oil Seeds,Soyabean,11.50,Metric Tonnes,12-06-2025
Maharashtra,Parbhani,Parbhani APMC,Oil Seeds,Soyabean,12.80,Metric Tonnes,11-06-2025
Maharashtra,Parbhani,Parbhani APMC,Oil Seeds,Soyabean,8.50,Metric Tonnes,05-06-2025
Maharashtra,Parbhani,Parbhani APMC,Oil Seeds,Soyabean,10.50,Metric Tonnes,04-06-2025
Maharashtra,Parbhani,Parbhani APMC,Oil Seeds,Soyabean,24.60,Metric Tonnes,03-06-2025
Maharashtra,Parbhani,Parbhani APMC,Oil Seeds,Soyabean,9.50,Metric Tonnes,28-05-2025
Maharashtra,Parbhani,Parbhani APMC,Oil Seeds,Soyabean,8.50,Metric Tonnes,27-05-2025
Maharashtra,Parbhani,Parbhani APMC,Oil Seeds,Soyabean,8.00,Metric Tonnes,26-05-2025
Maharashtra,Parbhani,Parbhani APMC,Oil Seeds,Soyabean,8.50,Metric Tonnes,22-05-2025
Maharashtra,Parbhani,Parbhani APMC,Oil Seeds,Soyabean,14.00,Metric Tonnes,19-05-2025
Maharashtra,Parbhani,Parbhani APMC,Oil Seeds,Soyabean,12.00,Metric Tonnes,17-05-2025
Maharashtra,Parbhani,Parbhani APMC,Oil Seeds,Soyabean,7.50,Metric Tonnes,16-05-2025
Maharashtra,Parbhani,Parbhani APMC,Oil Seeds,Soyabean,20.00,Metric Tonnes,13-05-2025
Maharashtra,Parbhani,Parbhani APMC,Oil Seeds,Soyabean,17.00,Metric Tonnes,09-05-2025
Maharashtra,Parbhani,Parbhani APMC,Oil Seeds,Soyabean,19.00,Metric Tonnes,08-05-2025
Maharashtra,Parbhani,Parbhani APMC,Oil Seeds,Soyabean,20.00,Metric Tonnes,07-05-2025
Maharashtra,Parbhani,Parbhani APMC,Oil Seeds,Soyabean,19.00,Metric Tonnes,06-05-2025
Maharashtra,Parbhani,Parbhani APMC,Oil Seeds,Soyabean,10.50,Metric Tonnes,21-04-2025
Maharashtra,Parbhani,Parbhani APMC,Oil Seeds,Soyabean,11.50,Metric Tonnes,13-04-2025
Maharashtra,Parbhani,Parbhani APMC,Oil Seeds,Soyabean,14.60,Metric Tonnes,12-04-2025
Maharashtra,Parbhani,Parbhani APMC,Oil Seeds,Soyabean,11.20,Metric Tonnes,10-04-2025
Maharashtra,Parbhani,Parbhani APMC,Oil Seeds,Soyabean,17.50,Metric Tonnes,08-04-2025
Maharashtra,Parbhani,Parbhani APMC,Oil Seeds,Soyabean,12.00,Metric Tonnes,07-04-2025
Maharashtra,Parbhani,Parbhani APMC,Oil Seeds,Soyabean,10.50,Metric Tonnes,30-03-2025
Maharashtra,Parbhani,Parbhani APMC,Oil Seeds,Soyabean,9.70,Metric Tonnes,29-03-2025
Maharashtra,Parbhani,Parbhani APMC,Oil Seeds,Soyabean,10.70,Metric Tonnes,28-03-2025
Maharashtra,Parbhani,Parbhani APMC,Oil Seeds,Soyabean,8.50,Metric Tonnes,27-03-2025
Maharashtra,Parbhani,Parbhani APMC,Oil Seeds,Soyabean,10.00,Metric Tonnes,26-03-2025
Maharashtra,Parbhani,Parbhani APMC,Oil Seeds,Soyabean,10.60,Metric Tonnes,25-03-2025
Maharashtra,Parbhani,Parbhani APMC,Oil Seeds,Soyabean,9.50,Metric Tonnes,24-03-2025
Maharashtra,Parbhani,Parbhani APMC,Oil Seeds,Soyabean,12.50,Metric Tonnes,20-03-2025
Maharashtra,Parbhani,Parbhani APMC,Oil Seeds,Soyabean,9.50,Metric Tonnes,19-03-2025
Maharashtra,Parbhani,Parbhani APMC,Oil Seeds,Soyabean,11.20,Metric Tonnes,12-03-2025
Maharashtra,Parbhani,Parbhani APMC,Oil Seeds,Soyabean,9.00,Metric Tonnes,09-03-2025
Maharashtra,Parbhani,Parbhani APMC,Oil Seeds,Soyabean,10.50,Metric Tonnes,08-03-2025
Maharashtra,Parbhani,Parbhani APMC,Oil Seeds,Soyabean,9.50,Metric Tonnes,07-03-2025
Maharashtra,Parbhani,Parbhani APMC,Oil Seeds,Soyabean,10.00,Metric Tonnes,05-03-2025
Maharashtra,Parbhani,Parbhani APMC,Oil Seeds,Soyabean,9.00,Metric Tonnes,03-03-2025
Maharashtra,Parbhani,Parbhani APMC,Oil Seeds,Soyabean,8.50,Metric Tonnes,28-02-2025
Maharashtra,Parbhani,Parbhani APMC,Oil Seeds,Soyabean,8.00,Metric Tonnes,26-02-2025
Maharashtra,Parbhani,Parbhani APMC,Oil Seeds,Soyabean,11.00,Metric Tonnes,25-02-2025
Maharashtra,Parbhani,Parbhani APMC,Oil Seeds,Soyabean,10.80,Metric Tonnes,23-02-2025
Maharashtra,Parbhani,Parbhani APMC,Oil Seeds,Soyabean,10.60,Metric Tonnes,22-02-2025
Maharashtra,Parbhani,Parbhani APMC,Oil Seeds,Soyabean,12.00,Metric Tonnes,21-02-2025
Maharashtra,Parbhani,Parbhani APMC,Oil Seeds,Soyabean,10.50,Metric Tonnes,20-02-2025
Maharashtra,Parbhani,Parbhani APMC,Oil Seeds,Soyabean,11.00,Metric Tonnes,19-02-2025
Maharashtra,Parbhani,Parbhani APMC,Oil Seeds,Soyabean,14.00,Metric Tonnes,18-02-2025
Maharashtra,Parbhani,Parbhani APMC,Oil Seeds,Soyabean,13.00,Metric Tonnes,17-02-2025
Maharashtra,Parbhani,Parbhani APMC,Oil Seeds,Soyabean,12.00,Metric Tonnes,15-02-2025
Maharashtra,Parbhani,Parbhani APMC,Oil Seeds,Soyabean,12.50,Metric Tonnes,14-02-2025
Maharashtra,Parbhani,Parbhani APMC,Oil Seeds,Soyabean,12.00,Metric Tonnes,13-02-2025
Maharashtra,Parbhani,Parbhani APMC,Oil Seeds,Soyabean,19.10,Metric Tonnes,08-02-2025
Maharashtra,Parbhani,Parbhani APMC,Oil Seeds,Soyabean,14.70,Metric Tonnes,07-02-2025
Maharashtra,Parbhani,Parbhani APMC,Oil Seeds,Soyabean,33.50,Metric Tonnes,06-02-2025
Maharashtra,Parbhani,Parbhani APMC,Oil Seeds,Soyabean,26.00,Metric Tonnes,03-02-2025
Maharashtra,Parbhani,Parbhani APMC,Oil Seeds,Soyabean,25.50,Metric Tonnes,29-01-2025
Maharashtra,Parbhani,Parbhani APMC,Oil Seeds,Soyabean,25.00,Metric Tonnes,28-01-2025
Maharashtra,Parbhani,Parbhani APMC,Oil Seeds,Soyabean,36.30,Metric Tonnes,27-01-2025
Maharashtra,Parbhani,Parbhani APMC,Oil Seeds,Soyabean,18.80,Metric Tonnes,24-01-2025
Maharashtra,Parbhani,Parbhani APMC,Oil Seeds,Soyabean,44.90,Metric Tonnes,23-01-2025
Maharashtra,Parbhani,Parbhani APMC,Oil Seeds,Soyabean,15.20,Metric Tonnes,22-01-2025
Maharashtra,Parbhani,Parbhani APMC,Oil Seeds,Soyabean,17.50,Metric Tonnes,19-01-2025
Maharashtra,Parbhani,Parbhani APMC,Oil Seeds,Soyabean,16.50,Metric Tonnes,18-01-2025
Maharashtra,Parbhani,Parbhani APMC,Oil Seeds,Soyabean,19.50,Metric Tonnes,17-01-2025
Maharashtra,Parbhani,Parbhani APMC,Oil Seeds,Soyabean,15.50,Metric Tonnes,14-01-2025
Maharashtra,Parbhani,Parbhani APMC,Oil Seeds,Soyabean,21.50,Metric Tonnes,12-01-2025
Maharashtra,Parbhani,Parbhani APMC,Oil Seeds,Soyabean,21.90,Metric Tonnes,11-01-2025
Maharashtra,Parbhani,Parbhani APMC,Oil Seeds,Soyabean,23.50,Metric Tonnes,10-01-2025
Maharashtra,Parbhani,Parbhani APMC,Oil Seeds,Soyabean,17.50,Metric Tonnes,09-01-2025
Maharashtra,Parbhani,Parbhani APMC,Oil Seeds,Soyabean,28.00,Metric Tonnes,05-01-2025
Maharashtra,Parbhani,Parbhani APMC,Oil Seeds,Soyabean,22.50,Metric Tonnes,04-01-2025
Maharashtra,Parbhani,Parbhani APMC,Oil Seeds,Soyabean,24.00,Metric Tonnes,03-01-2025
Maharashtra,Parbhani,Parbhani APMC,Oil Seeds,Soyabean,24.10,Metric Tonnes,02-01-2025

